0,Radiation
2016-09-01 00:05:10,2.205
2016-09-01 01:25:06,3.279
2016-09-01 02:25:06,2.431
2016-09-01 03:30:05,2.408
2016-09-01 04:30:03,2.285
2016-09-01 05:30:07,12.058
2016-09-01 06:45:08,132.299
2016-09-01 08:15:06,569.595
2016-09-01 09:25:09,866.1469999999998
2016-09-01 10:45:04,1007.125
2016-09-01 12:00:10,1062.308
2016-09-01 13:25:04,968.229
2016-09-01 14:30:05,809.243
2016-09-01 15:40:03,557.322
2016-09-01 16:45:04,195.906
2016-09-01 17:55:08,12.979
2016-09-01 19:10:06,2.516
2016-09-01 20:15:07,2.608
2016-09-01 21:15:04,2.474
2016-09-01 22:15:05,2.317
2016-09-01 23:15:10,2.434
2016-09-02 00:25:06,2.516
2016-09-02 01:40:08,2.732
2016-09-02 02:45:09,2.295
2016-09-02 03:45:05,2.504
2016-09-02 04:45:02,2.244
2016-09-02 05:45:06,9.373
2016-09-02 06:45:08,212.832
2016-09-02 07:45:06,492.887
2016-09-02 08:50:05,730.956
2016-09-02 09:50:04,901.186
2016-09-02 10:50:06,1013.631
2016-09-02 11:50:02,1057.655
2016-09-02 12:50:03,1026.529
2016-09-02 13:50:08,930.683
2016-09-02 15:00:09,624.179
2016-09-02 16:00:06,444.013
2016-09-02 17:00:05,246.951
2016-09-02 18:00:06,36.933
2016-09-02 19:00:07,2.778
2016-09-02 20:00:04,2.641
2016-09-02 21:00:05,2.001
2016-09-02 22:00:03,2.3280000000000003
2016-09-02 23:00:07,2.719
2016-09-03 00:00:04,2.282
2016-09-03 01:15:04,2.67
2016-09-03 02:15:05,2.774
2016-09-03 03:15:03,2.998
2016-09-03 04:15:04,2.6710000000000003
2016-09-03 05:15:03,3.055
2016-09-03 06:15:07,70.584
2016-09-03 07:15:05,359.398
2016-09-03 08:15:06,569.887
2016-09-03 09:15:07,671.696
2016-09-03 10:20:03,451.537
2016-09-03 11:20:02,136.756
2016-09-03 12:20:04,150.188
2016-09-03 13:20:02,139.322
2016-09-03 14:20:05,85.39
2016-09-03 15:20:04,166.882
2016-09-03 16:20:05,48.982
2016-09-03 17:20:05,31.309
2016-09-03 18:25:07,3.645
2016-09-03 19:25:06,2.758
2016-09-03 20:25:04,2.153
2016-09-03 21:25:05,2.242
2016-09-03 22:25:03,2.551
2016-09-03 23:30:04,3.199
2016-09-04 00:50:06,3.552
2016-09-04 01:50:04,2.583
2016-09-04 02:50:10,2.593
2016-09-04 03:50:04,2.562
2016-09-04 04:50:11,3.133
2016-09-04 05:50:06,11.065
2016-09-04 06:50:04,233.44
2016-09-04 07:50:07,473.2
2016-09-04 08:50:02,232.656
2016-09-04 09:50:03,389.399
2016-09-04 10:50:04,760.3580000000002
2016-09-04 12:05:04,699.498
2016-09-04 13:05:12,345.962
2016-09-04 14:05:07,259.31
2016-09-04 15:05:09,60.411
2016-09-04 16:10:05,45.056
2016-09-04 17:10:09,37.105
2016-09-04 18:10:04,7.876
2016-09-04 19:10:05,2.7110000000000003
2016-09-04 20:10:05,2.191
2016-09-04 21:10:07,2.74
2016-09-04 22:10:05,2.551
2016-09-04 23:10:10,2.619
2016-09-05 00:20:03,2.4530000000000003
2016-09-05 01:35:07,1.969
2016-09-05 02:35:04,2.0540000000000003
2016-09-05 03:35:07,2.239
2016-09-05 04:35:07,1.834
2016-09-05 05:35:05,6.507999999999999
2016-09-05 06:35:04,151.405
2016-09-05 07:35:06,455.033
2016-09-05 08:35:06,687.796
2016-09-05 09:35:05,878.698
2016-09-05 10:40:04,1014.069
2016-09-05 11:40:03,1067.64
2016-09-05 12:45:04,1077.937
2016-09-05 13:45:05,679.577
2016-09-05 14:45:04,600.528
2016-09-05 15:45:04,334.266
2016-09-05 16:45:04,171.601
2016-09-05 17:45:05,18.264
2016-09-05 18:45:08,2.571
2016-09-05 19:45:22,2.157
2016-09-05 20:45:21,2.649
2016-09-05 21:45:22,2.408
2016-09-05 22:45:23,2.336
2016-09-05 23:45:23,2.801
2016-09-06 01:05:20,2.763
2016-09-06 02:05:21,3.3480000000000003
2016-09-06 03:05:19,2.7880000000000003
2016-09-06 04:05:19,2.44
2016-09-06 05:05:21,3.123
2016-09-06 06:05:26,33.162
2016-09-06 07:05:20,327.148
2016-09-06 08:05:18,583.207
2016-09-06 09:05:22,792.0219999999998
2016-09-06 10:05:22,952.996
2016-09-06 11:05:23,1052.278
2016-09-06 12:05:20,997.248
2016-09-06 13:05:19,984.336
2016-09-06 14:05:23,668.796
2016-09-06 15:05:19,403.208
2016-09-06 16:05:19,282.67
2016-09-06 17:05:21,209.511
2016-09-06 18:05:20,11.929
2016-09-06 19:05:25,2.165
2016-09-06 20:05:21,1.984
2016-09-06 21:05:20,2.42
2016-09-06 22:05:20,2.437
2016-09-06 23:05:24,2.148
2016-09-07 00:25:19,2.7510000000000003
2016-09-07 01:35:21,2.498
2016-09-07 02:35:19,2.888
2016-09-07 03:35:22,2.588
2016-09-07 04:35:26,2.36
2016-09-07 05:35:23,6.533
2016-09-07 06:35:20,137.524
2016-09-07 07:35:22,316.458
2016-09-07 08:35:26,426.468
2016-09-07 09:35:23,752.2330000000002
2016-09-07 10:35:25,850.556
2016-09-07 17:50:22,19.634
2016-09-07 19:15:21,2.457
2016-09-07 20:20:26,2.674
2016-09-07 21:20:24,2.599
2016-09-07 22:20:20,3.276
2016-09-07 23:20:24,2.802
2016-09-08 00:55:24,2.457
2016-09-08 01:55:23,2.624
2016-09-08 02:55:21,2.291
2016-09-08 04:00:22,2.515
2016-09-08 05:00:23,2.603
2016-09-08 06:10:22,274.019
2016-09-08 18:30:22,2.343
2016-09-08 19:30:24,1.7919999999999998
2016-09-08 20:30:21,1.608
2016-09-08 21:35:23,1.492
2016-09-08 22:35:25,1.586
2016-09-08 23:35:20,2.068
2016-09-09 01:15:29,1.73
2016-09-09 02:15:18,1.853
2016-09-09 03:15:22,1.644
2016-09-09 04:15:22,1.761
2016-09-09 05:20:25,180.09799999999996
2016-09-09 18:45:22,1.699
2016-09-09 19:55:25,1.669
2016-09-09 21:05:19,1.508
2016-09-09 22:05:33,1.4680000000000002
2016-09-09 23:10:22,1.818
2016-09-10 00:30:20,1.586
2016-09-10 01:50:23,2.09
2016-09-10 02:50:20,2.742
2016-09-10 03:55:20,3.096
2016-09-10 04:55:23,3.432
2016-09-10 13:00:21,775.47
2016-09-10 14:00:19,357.666
2016-09-10 15:00:20,249.622
2016-09-10 16:00:20,150.958
2016-09-10 17:00:20,74.72
2016-09-10 18:05:20,6.9529999999999985
2016-09-10 19:05:24,2.157
2016-09-10 20:05:20,2.67
2016-09-10 21:05:22,2.742
2016-09-10 22:05:24,1.7919999999999998
2016-09-10 23:05:20,1.727
2016-09-11 00:05:24,2.383
2016-09-11 01:20:21,2.814
2016-09-11 02:20:18,2.737
2016-09-11 03:20:23,2.278
2016-09-11 04:20:21,2.153
2016-09-11 05:20:19,3.19
2016-09-11 06:20:22,84.50399999999998
2016-09-11 07:20:22,418.301
2016-09-11 08:20:22,618.413
2016-09-11 09:20:20,839.93
2016-09-11 10:20:20,793.73
2016-09-11 11:20:20,431.297
2016-09-11 12:25:25,332.196
2016-09-11 13:25:18,146.976
2016-09-11 14:25:20,208.753
2016-09-11 15:25:21,185.413
2016-09-11 16:25:20,85.63600000000002
2016-09-11 17:25:24,33.355
2016-09-11 18:25:18,2.345
2016-09-11 19:25:19,2.207
2016-09-11 20:25:20,2.298
2016-09-11 21:25:19,2.395
2016-09-11 22:25:25,2.388
2016-09-11 23:25:24,2.246
2016-09-12 00:35:25,2.021
2016-09-12 01:40:25,1.981
2016-09-12 02:40:22,1.949
2016-09-12 03:40:22,2.002
2016-09-12 04:40:22,2.05
2016-09-12 05:40:19,9.283
2016-09-12 06:40:19,163.88
2016-09-12 07:40:19,468.945
2016-09-12 08:45:23,711.7539999999998
2016-09-12 09:45:20,896.3589999999998
2016-09-12 10:45:25,551.306
2016-09-12 11:45:19,281.996
2016-09-12 12:50:23,219.35
2016-09-12 13:55:22,169.523
2016-09-12 14:55:18,53.885
2016-09-12 15:55:22,45.915
2016-09-12 16:55:22,38.404
2016-09-12 17:55:05,5.767
2016-09-12 18:55:03,1.952
2016-09-12 19:55:06,2.233
2016-09-12 20:55:07,2.104
2016-09-12 21:55:05,1.856
2016-09-12 22:55:06,1.813
2016-09-12 23:55:04,2.116
2016-09-13 01:15:02,1.965
2016-09-13 02:20:03,3.108
2016-09-13 03:20:06,2.218
2016-09-13 04:20:04,2.486
2016-09-13 05:20:04,4.423
2016-09-13 06:20:04,44.105
2016-09-13 07:20:06,289.9790000000001
2016-09-13 08:20:06,370.172
2016-09-13 09:20:10,670.801
2016-09-13 10:20:03,978.466
2016-09-13 11:25:07,930.212
2016-09-13 12:25:04,219.052
2016-09-13 13:25:12,110.611
2016-09-13 14:25:04,216.954
2016-09-13 15:25:06,309.775
2016-09-13 16:25:03,86.116
2016-09-13 17:25:03,22.028
2016-09-13 18:25:04,2.188
2016-09-13 19:25:05,1.917
2016-09-13 20:25:07,3.297
2016-09-13 21:25:03,2.3080000000000003
2016-09-13 22:30:05,2.349
2016-09-13 23:30:05,2.33
2016-09-14 00:50:07,2.306
2016-09-14 01:50:07,2.959
2016-09-14 02:50:04,2.135
2016-09-14 03:55:03,2.416
2016-09-14 04:55:06,3.182
2016-09-14 05:55:07,13.352
2016-09-14 06:55:08,247.675
2016-09-14 07:55:09,535.378
2016-09-14 08:55:09,641.7130000000002
2016-09-14 09:55:05,467.556
2016-09-14 10:55:03,469.792
2016-09-14 11:55:03,500.172
2016-09-14 12:55:06,320.399
2016-09-14 13:55:03,193.182
2016-09-14 14:55:03,329.528
2016-09-14 15:55:03,218.053
2016-09-14 16:55:06,87.993
2016-09-14 17:55:12,4.597
2016-09-14 18:55:07,1.571
2016-09-14 19:55:07,1.233
2016-09-14 20:55:04,1.238
2016-09-14 22:00:07,1.233
2016-09-14 23:00:11,1.234
2016-09-15 00:00:09,1.234
2016-09-15 01:15:04,1.233
2016-09-15 02:15:04,1.225
2016-09-15 03:15:05,1.233
2016-09-15 04:15:04,1.222
2016-09-15 05:15:04,1.317
2016-09-15 06:15:04,18.093
2016-09-15 07:15:02,71.327
2016-09-15 08:15:02,34.85
2016-09-15 09:15:06,141.535
2016-09-15 10:15:05,121.893
2016-09-15 13:30:09,129.906
2016-09-16 07:55:30,387.517
2016-09-16 09:05:03,435.74300000000005
2016-09-16 10:10:03,743.2810000000002
2016-09-16 11:10:05,778.331
2016-09-16 12:10:04,1018.947
2016-09-16 13:10:03,371.526
2016-09-16 14:10:07,354.042
2016-09-16 15:40:04,384.828
2016-09-16 16:55:04,199.84
2016-09-16 17:55:03,20.069000000000006
2016-09-16 18:55:10,1.248
2016-09-16 19:55:04,1.245
2016-09-16 20:55:04,1.24
2016-09-16 21:55:05,1.249
2016-09-16 22:55:03,1.242
2016-09-16 23:55:04,1.252
2016-09-17 01:15:04,1.249
2016-09-17 02:15:05,1.24
2016-09-17 03:15:07,1.24
2016-09-17 04:15:06,1.241
2016-09-17 05:15:08,1.582
2016-09-17 06:15:03,58.083
2016-09-17 07:20:03,152.866
2016-09-17 08:25:08,352.19
2016-09-17 09:25:05,599.69
2016-09-17 10:25:08,368.042
2016-09-17 11:25:04,625.007
2016-09-17 12:25:05,720.1439999999999
2016-09-17 13:25:05,608.753
2016-09-17 14:25:05,490.595
2016-09-17 15:25:07,357.42800000000005
2016-09-17 16:25:08,192.556
2016-09-17 17:25:03,48.757
2016-09-17 18:25:05,1.337
2016-09-17 19:25:05,1.245
2016-09-17 20:25:07,1.254
2016-09-17 21:25:04,1.244
2016-09-17 22:25:04,1.257
2016-09-17 23:25:03,1.229
2016-09-18 00:35:06,1.242
2016-09-18 01:40:06,1.233
2016-09-18 02:40:04,1.249
2016-09-18 03:50:04,1.249
2016-09-18 04:55:03,1.236
2016-09-18 05:55:08,10.076
2016-09-18 06:55:03,242.311
2016-09-18 08:00:04,539.1709999999998
2016-09-18 09:00:03,754.058
2016-09-18 10:00:05,921.401
2016-09-18 11:05:04,1016.854
2016-09-18 12:10:07,1031.655
2016-09-18 13:15:05,958.495
2016-09-18 14:15:02,307.058
2016-09-18 15:15:05,170.75599999999997
2016-09-18 16:25:04,99.978
2016-09-18 17:25:05,29.718000000000004
2016-09-18 18:25:06,1.518
2016-09-18 19:30:03,1.251
2016-09-18 20:30:03,1.258
2016-09-18 21:30:05,1.253
2016-09-18 22:35:05,1.237
2016-09-18 23:35:04,1.242
2016-09-19 01:00:08,1.243
2016-09-19 02:05:03,1.23
2016-09-19 03:10:03,1.227
2016-09-19 04:10:03,1.228
2016-09-19 05:10:04,1.683
2016-09-19 06:10:02,34.789
2016-09-19 07:10:04,334.211
2016-09-19 08:10:04,600.054
2016-09-19 09:10:05,829.9060000000002
2016-09-19 10:20:05,987.862
2016-09-19 11:20:05,1065.355
2016-09-19 12:20:12,1056.612
2016-09-19 13:20:06,954.21
2016-09-19 14:20:03,832.1439999999999
2016-09-19 15:20:05,546.467
2016-09-19 16:20:03,349.65
2016-09-19 17:20:03,83.289
2016-09-19 18:25:09,1.355
2016-09-19 19:30:11,1.248
2016-09-19 20:30:06,1.25
2016-09-19 21:30:08,1.249
2016-09-19 22:40:04,1.24
2016-09-19 23:40:04,1.239
2016-09-20 01:00:06,1.232
2016-09-20 02:00:05,1.243
2016-09-20 03:00:03,1.229
2016-09-20 04:00:04,1.225
2016-09-20 05:00:04,1.226
2016-09-20 06:00:04,12.118
2016-09-20 07:00:04,287.11
2016-09-20 08:00:03,562.366
2016-09-20 09:00:09,779.443
2016-09-20 10:00:06,915.168
2016-09-20 11:00:10,1028.335
2016-09-20 12:00:05,1054.582
2016-09-20 13:00:08,991.997
2016-09-20 14:00:06,761.518
2016-09-20 15:00:06,445.17800000000005
2016-09-20 16:00:07,195.477
2016-09-20 17:00:05,59.802
2016-09-20 18:05:05,3.258
2016-09-20 19:05:04,1.222
2016-09-20 20:05:05,1.236
2016-09-20 21:05:04,1.233
2016-09-20 22:05:04,1.228
2016-09-20 23:05:03,1.229
2016-09-21 00:05:19,1.216
2016-09-21 01:15:05,1.219
2016-09-21 02:15:05,1.211
2016-09-21 03:15:09,1.207
2016-09-21 04:15:04,1.223
2016-09-21 05:15:05,1.806
2016-09-21 06:15:03,41.451
2016-09-21 07:15:03,350.913
2016-09-21 08:15:07,537.819
2016-09-21 09:15:07,801.544
2016-09-21 10:20:02,950.048
2016-09-21 11:25:18,815.696
2016-09-21 12:25:20,926.478
2016-09-21 13:25:24,903.22
2016-09-21 14:30:22,700.4789999999998
2016-09-21 15:30:20,563.014
2016-09-21 16:35:20,132.341
2016-09-21 17:35:25,26.192
2016-09-21 18:35:19,1.232
2016-09-21 19:35:20,1.232
2016-09-21 20:35:27,1.235
2016-09-21 21:35:22,1.227
2016-09-21 22:35:20,1.236
2016-09-21 23:35:18,1.228
2016-09-22 00:40:20,1.224
2016-09-22 01:45:20,1.228
2016-09-22 02:45:23,1.216
2016-09-22 03:45:20,1.204
2016-09-22 04:45:18,1.212
2016-09-22 05:45:19,7.401
2016-09-22 06:45:23,185.056
2016-09-22 07:45:19,496.91
2016-09-22 08:45:18,722.655
2016-09-22 09:45:19,898.1010000000001
2016-09-22 10:45:22,1009.738
2016-09-22 11:45:19,1047.157
2016-09-22 12:45:22,1014.963
2016-09-22 13:45:23,898.028
2016-09-22 14:50:19,707.8480000000002
2016-09-22 15:50:21,481.515
2016-09-22 16:50:23,207.636
2016-09-22 17:50:19,13.745
2016-09-22 18:50:23,1.242
2016-09-22 19:55:19,1.237
2016-09-22 20:55:21,1.253
2016-09-22 21:55:22,1.255
2016-09-22 22:55:22,1.239
2016-09-22 23:55:23,1.24
2016-09-23 01:00:26,1.245
2016-09-23 02:00:22,1.236
2016-09-23 03:00:20,1.237
2016-09-23 04:00:24,1.245
2016-09-23 05:00:20,1.242
2016-09-23 06:00:21,10.688
2016-09-23 07:00:25,95.179
2016-09-23 08:00:19,215.28
2016-09-23 09:00:23,498.583
2016-09-23 10:00:23,879.056
2016-09-23 11:00:20,667.038
2016-09-23 12:00:19,403.598
2016-09-23 13:00:23,246.167
2016-09-23 14:00:26,185.391
2016-09-23 15:00:24,98.509
2016-09-23 16:00:19,33.412
2016-09-23 17:00:18,12.581
2016-09-23 18:00:24,1.592
2016-09-23 19:00:22,1.258
2016-09-23 20:00:19,1.246
2016-09-23 21:00:21,1.246
2016-09-23 22:00:23,1.244
2016-09-23 23:00:21,1.244
2016-09-24 00:00:22,1.239
2016-09-24 01:15:19,1.24
2016-09-24 02:15:18,1.234
2016-09-24 03:15:22,1.243
2016-09-24 04:15:21,1.231
2016-09-24 05:15:23,1.7919999999999998
2016-09-24 06:15:23,36.838
2016-09-24 07:15:18,333.14
2016-09-24 08:15:19,570.031
2016-09-24 09:15:24,801.217
2016-09-24 10:15:20,896.5360000000002
2016-09-24 11:15:20,526.118
2016-09-24 12:15:20,431.122
2016-09-24 13:15:24,176.28599999999997
2016-09-24 14:15:22,158.392
2016-09-24 15:15:24,399.018
2016-09-24 16:15:22,65.49
2016-09-24 17:15:18,22.463
2016-09-24 18:15:18,1.6780000000000002
2016-09-24 19:15:22,1.239
2016-09-24 20:15:19,1.238
2016-09-24 21:15:19,1.233
2016-09-24 22:15:18,1.235
2016-09-24 23:15:27,1.23
2016-09-25 00:25:21,1.216
2016-09-25 01:35:23,1.224
2016-09-25 02:35:19,1.238
2016-09-25 03:35:22,1.228
2016-09-25 04:35:21,1.233
2016-09-25 05:35:20,5.948
2016-09-25 06:35:21,120.22
2016-09-25 07:35:22,439.9
2016-09-25 08:35:22,683.972
2016-09-25 09:35:26,866.8560000000001
2016-09-25 10:35:20,988.944
2016-09-25 11:35:21,1042.527
2016-09-25 12:35:21,1029.527
2016-09-25 13:35:29,947.097
2016-09-25 14:35:19,590.737
2016-09-25 15:35:20,546.578
2016-09-25 16:35:21,267.369
2016-09-25 17:35:22,28.667
2016-09-25 18:35:21,1.236
2016-09-25 19:35:24,1.234
2016-09-25 20:35:22,1.233
2016-09-25 21:35:18,1.235
2016-09-25 22:35:19,1.228
2016-09-25 23:35:26,1.249
2016-09-26 00:40:19,1.226
2016-09-26 01:45:18,1.219
2016-09-26 02:45:23,1.222
2016-09-26 03:45:25,1.223
2016-09-26 04:50:22,1.216
2016-09-26 05:50:21,8.665
2016-09-26 06:50:18,95.293
2016-09-26 07:50:20,461.3
2016-09-26 08:50:20,729.429
2016-09-26 09:50:19,900.6139999999998
2016-09-26 12:30:21,1019.371
2016-09-26 13:30:22,942.9
2016-09-26 14:30:23,767.165
2016-09-26 15:30:24,532.744
2016-09-26 16:35:23,282.571
2016-09-26 17:35:19,28.388
2016-09-26 18:35:20,1.218
2016-09-26 19:35:19,1.218
2016-09-26 20:35:24,1.22
2016-09-26 21:40:24,1.235
2016-09-26 22:40:19,1.214
2016-09-26 23:40:25,1.215
2016-09-27 00:55:24,1.221
2016-09-27 02:05:23,1.218
2016-09-27 03:05:19,1.22
2016-09-27 04:05:23,1.223
2016-09-27 05:05:24,1.252
2016-09-27 06:05:20,13.439
2016-09-27 07:05:22,273.953
2016-09-27 08:05:20,559.659
2016-09-27 09:05:22,766.182
2016-09-27 10:05:21,942.811
2016-09-27 11:10:25,994.26
2016-09-27 12:10:21,330.764
2016-09-27 13:10:27,309.728
2016-09-27 14:10:24,508.042
2016-09-27 15:10:24,266.805
2016-09-27 16:10:25,154.153
2016-09-27 17:10:22,36.71
2016-09-27 18:10:26,2.138
2016-09-27 19:10:25,1.278
2016-09-27 20:10:19,1.269
2016-09-27 21:10:21,1.268
2016-09-27 22:10:23,1.265
2016-09-27 23:10:19,1.239
2016-09-28 00:25:19,1.263
2016-09-28 01:30:26,1.273
2016-09-28 02:30:21,1.255
2016-09-28 03:30:19,1.213
2016-09-28 04:30:20,1.218
2016-09-28 05:30:21,4.891
2016-09-28 06:35:20,110.02
2016-09-28 07:35:18,434.463
2016-09-28 08:35:20,667.74
2016-09-28 09:35:22,850.584
2016-09-28 10:35:19,972.037
2016-09-28 11:35:25,1022.855
2016-09-28 12:40:19,992.533
2016-09-28 13:40:21,883.289
2016-09-28 14:40:24,704.3760000000002
2016-09-28 15:45:19,474.629
2016-09-28 16:45:21,199.083
2016-09-28 17:45:24,11.955
2016-09-28 18:45:21,1.231
2016-09-28 19:45:24,1.223
2016-09-28 20:45:20,1.224
2016-09-28 21:45:22,1.218
2016-09-28 22:45:22,1.219
2016-09-28 23:45:31,1.222
2016-09-29 00:50:29,1.222
2016-09-29 01:50:23,1.222
2016-09-29 02:50:25,1.218
2016-09-29 03:50:26,1.183
2016-09-29 04:50:25,1.2
2016-09-29 05:50:21,7.9129999999999985
2016-09-29 06:50:19,201.902
2016-09-29 07:55:19,527.967
2016-09-29 08:55:21,743.995
2016-09-29 09:55:21,907.403
2016-09-29 10:55:21,1008.112
2016-09-29 11:55:20,1034.579
2016-09-29 12:55:22,978.083
2016-09-29 13:55:20,845.4910000000001
2016-09-29 15:02:10,620.811
2016-09-29 16:00:20,376.997
2016-09-29 17:00:24,131.06799999999998
2016-09-29 18:00:22,4.758
2016-09-29 19:00:24,1.223
2016-09-29 20:00:18,1.226
2016-09-29 21:00:20,1.225
2016-09-29 22:00:26,1.213
2016-09-29 23:00:25,1.213
2016-10-01 00:30:18,1.262
2016-10-01 01:30:30,1.271
2016-10-01 02:30:29,1.283
2016-10-01 03:30:19,1.265
2016-10-01 04:30:22,1.277
2016-10-01 05:30:21,2.384
2016-10-01 06:30:22,53.343
2016-10-01 07:30:23,286.018
2016-10-01 08:30:23,583.068
2016-10-01 09:30:20,496.918
2016-10-01 10:30:20,728.1489999999999
2016-10-01 11:30:20,930.528
2016-10-01 12:30:23,869.4830000000002
2016-10-01 13:30:23,471.931
2016-10-01 14:30:21,415.279
2016-10-01 15:30:24,229.538
2016-10-01 16:30:20,96.783
2016-10-01 17:30:23,20.046
2016-10-01 18:30:20,1.279
2016-10-01 19:30:23,1.283
2016-10-01 20:30:25,1.267
2016-10-01 21:30:21,1.275
2016-10-01 22:30:26,1.278
2016-10-01 23:30:21,1.276
2016-10-02 00:50:20,1.273
2016-10-02 01:50:22,1.265
2016-10-02 02:50:24,1.246
2016-10-02 03:50:25,1.263
2016-10-02 04:50:19,1.253
2016-10-02 05:50:22,14.438
2016-10-02 06:50:18,183.63
2016-10-02 07:50:23,402.407
2016-10-02 08:50:24,566.746
2016-10-02 09:50:18,587.22
2016-10-02 10:50:20,799.925
2016-10-02 11:50:20,682.77
2016-10-02 12:50:28,792.82
2016-10-02 13:50:23,494.343
2016-10-02 14:50:23,357.514
2016-10-02 15:50:22,185.668
2016-10-02 16:50:22,66.253
2016-10-02 17:50:22,3.5660000000000003
2016-10-02 18:50:20,1.245
2016-10-02 19:50:25,1.231
2016-10-02 20:50:27,1.23
2016-10-02 21:50:27,1.238
2016-10-02 22:55:27,1.238
2016-10-02 23:55:20,1.242
2016-10-03 01:10:21,1.229
2016-10-03 02:10:22,1.229
2016-10-03 03:10:19,1.226
2016-10-03 04:10:22,1.234
2016-10-03 05:10:21,1.233
2016-10-03 06:10:26,42.475
2016-10-03 07:10:22,203.95
2016-10-03 08:10:23,305.468
2016-10-03 09:15:22,431.714
2016-10-03 10:15:24,449.942
2016-10-03 11:15:19,344.186
2016-10-03 12:15:21,330.93300000000005
2016-10-03 13:15:20,297.658
2016-10-03 14:20:22,168.766
2016-10-03 15:20:20,198.981
2016-10-03 16:20:23,84.863
2016-10-03 17:20:25,23.192
2016-10-03 18:20:20,1.232
2016-10-03 19:25:19,1.241
2016-10-03 20:25:23,1.272
2016-10-03 21:30:27,1.268
2016-10-03 22:30:25,1.27
2016-10-03 23:30:20,1.248
2016-10-04 00:55:25,1.242
2016-10-04 01:55:26,1.237
2016-10-04 02:55:24,1.234
2016-10-04 03:55:20,1.23
2016-10-04 04:55:20,1.232
2016-10-04 06:00:21,15.309
2016-10-04 07:00:25,106.57
2016-10-04 08:00:31,200.693
2016-10-04 09:00:19,417.189
2016-10-04 10:00:21,458.918
2016-10-04 11:00:18,200.057
2016-10-04 12:00:20,446.712
2016-10-04 13:00:24,225.131
2016-10-04 14:00:18,231.917
2016-10-04 15:00:27,103.848
2016-10-04 16:00:26,127.516
2016-10-04 17:00:21,104.152
2016-10-04 18:00:36,3.533
2016-10-04 19:00:20,1.25
2016-10-04 20:00:25,1.233
2016-10-04 21:00:25,1.233
2016-10-04 22:00:24,1.228
2016-10-04 23:00:20,1.223
2016-10-05 00:00:21,1.238
2016-10-05 01:20:20,1.242
2016-10-05 02:20:22,1.226
2016-10-05 03:20:19,1.234
2016-10-05 04:20:22,1.242
2016-10-05 05:20:18,1.642
2016-10-05 06:20:24,27.738000000000003
2016-10-05 07:20:22,270.904
2016-10-05 08:20:21,334.6140000000001
2016-10-05 09:20:22,410.478
2016-10-05 10:20:22,551.638
2016-10-05 11:20:27,657.852
2016-10-05 12:20:22,356.2990000000001
2016-10-05 13:20:21,469.771
2016-10-05 14:20:20,170.111
2016-10-05 15:25:21,161.959
2016-10-05 16:25:24,182.86
2016-10-05 17:30:22,28.147
2016-10-05 18:30:23,1.234
2016-10-05 19:35:21,1.24
2016-10-05 20:35:22,1.262
2016-10-05 21:35:19,1.239
2016-10-05 22:35:24,1.245
2016-10-05 23:35:20,1.229
2016-10-06 00:55:24,1.226
2016-10-06 01:55:21,1.228
2016-10-06 02:55:20,1.232
2016-10-06 03:55:24,1.23
2016-10-06 04:55:23,1.216
2016-10-06 05:55:20,27.491
2016-10-06 06:55:22,137.26
2016-10-06 07:55:21,310.518
2016-10-06 08:55:24,628.845
2016-10-06 09:55:22,758.5169999999998
2016-10-06 10:55:21,437.642
2016-10-06 11:55:37,313.045
2016-10-06 12:55:23,351.285
2016-10-06 13:55:20,174.333
2016-10-06 14:55:25,61.852
2016-10-06 15:55:22,58.85
2016-10-06 16:55:22,49.842
2016-10-06 17:55:20,5.882999999999999
2016-10-06 18:55:23,1.229
2016-10-06 19:55:18,1.227
2016-10-06 20:55:23,1.234
2016-10-06 21:55:20,1.226
2016-10-06 22:55:21,1.231
2016-10-06 23:55:19,1.222
2016-10-07 01:15:21,1.218
2016-10-07 02:15:19,1.216
2016-10-07 03:15:21,1.222
2016-10-07 04:15:21,1.224
2016-10-07 05:15:23,1.59
2016-10-07 06:15:27,15.952
2016-10-07 07:15:23,325.732
2016-10-07 08:15:20,586.066
2016-10-07 09:15:23,782.9060000000002
2016-10-07 10:15:21,717.328
2016-10-07 11:15:23,796.067
2016-10-07 12:15:19,451.902
2016-10-07 13:15:23,318.844
2016-10-07 14:15:19,130.317
2016-10-07 15:15:21,73.204
2016-10-07 16:15:19,32.556999999999995
2016-10-07 17:15:21,18.126
2016-10-07 18:15:21,1.237
2016-10-07 19:15:34,1.245
2016-10-07 20:15:20,1.233
2016-10-07 21:15:24,1.227
2016-10-07 22:15:21,1.231
2016-10-07 23:15:20,1.232
2016-10-08 00:35:20,1.232
2016-10-08 01:35:25,1.238
2016-10-08 02:35:21,1.238
2016-10-08 03:35:22,1.252
2016-10-08 04:35:19,1.24
2016-10-08 05:35:20,4.88
2016-10-08 06:35:22,77.193
2016-10-08 07:35:19,243.653
2016-10-08 08:40:22,607.455
2016-10-08 09:40:26,814.627
2016-10-08 10:40:19,850.454
2016-10-08 11:40:25,917.807
2016-10-08 12:40:20,814.932
2016-10-08 13:40:20,395.137
2016-10-08 14:40:22,331.82
2016-10-08 15:40:22,127.288
2016-10-08 16:40:21,69.296
2016-10-08 17:40:20,7.182
2016-10-08 18:40:21,1.247
2016-10-08 19:40:25,1.245
2016-10-08 20:40:20,1.227
2016-10-08 21:40:22,1.261
2016-10-08 22:40:22,1.251
2016-10-08 23:40:27,1.261
2016-10-09 01:00:18,1.244
2016-10-09 02:05:20,1.22
2016-10-09 03:05:18,1.242
2016-10-09 04:05:22,1.229
2016-10-09 05:05:19,1.327
2016-10-09 06:10:21,15.938
2016-10-09 07:10:21,278.46
2016-10-09 08:10:20,564.32
2016-10-09 09:10:26,775.738
2016-10-09 10:10:19,909.059
2016-10-09 11:10:19,991.389
2016-10-09 12:15:21,1016.93
2016-10-09 13:15:20,745.725
2016-10-09 14:15:24,709.596
2016-10-09 15:15:20,394.015
2016-10-09 16:15:22,266.553
2016-10-09 17:15:23,34.29
2016-10-09 18:20:22,1.243
2016-10-09 19:20:22,1.239
2016-10-09 20:25:22,1.239
2016-10-09 21:25:22,1.237
2016-10-09 22:25:19,1.238
2016-10-09 23:25:19,1.235
2016-10-10 00:50:22,1.239
2016-10-10 01:50:23,1.242
2016-10-10 02:55:22,1.235
2016-10-10 04:00:18,1.228
2016-10-10 05:00:24,1.223
2016-10-10 06:00:23,10.352
2016-10-10 07:00:25,219.111
2016-10-10 08:00:20,528.539
2016-10-10 09:00:26,741.0319999999998
2016-10-10 10:00:21,875.5089999999999
2016-10-10 11:00:21,1017.838
2016-10-10 12:00:22,1017.581
2016-10-10 13:00:21,929.656
2016-10-10 14:00:21,795.205
2016-10-10 15:05:21,589.332
2016-10-10 16:05:20,345.973
2016-10-10 17:05:19,70.883
2016-10-10 18:05:19,1.67
2016-10-10 19:05:20,1.248
2016-10-10 20:05:21,1.238
2016-10-10 21:05:23,1.228
2016-10-10 22:05:20,1.231
2016-10-10 23:05:24,1.239
2016-10-11 00:20:24,1.231
2016-10-11 01:20:26,1.233
2016-10-11 02:20:24,1.243
2016-10-11 03:25:25,1.233
2016-10-11 04:25:21,1.23
2016-10-11 05:25:22,2.297
2016-10-11 06:25:25,37.336
2016-10-11 07:25:22,390.427
2016-10-11 08:25:24,624.753
2016-10-11 09:25:26,811.05
2016-10-11 10:25:19,925.911
2016-10-11 11:25:24,997.73
2016-10-11 12:25:18,913.919
2016-10-11 13:25:18,885.852
2016-10-11 14:25:19,665.408
2016-10-11 15:25:18,500.8730000000001
2016-10-11 16:25:19,231.929
2016-10-11 17:25:24,19.948
2016-10-11 18:25:27,1.246
2016-10-11 19:25:20,1.248
2016-10-11 20:25:21,1.24
2016-10-11 21:25:24,1.24
2016-10-11 22:25:22,1.234
2016-10-11 23:25:22,1.238
2016-10-12 00:40:28,1.233
2016-10-12 01:40:19,1.235
2016-10-12 02:45:21,1.235
2016-10-12 03:45:17,1.224
2016-10-12 04:45:18,1.227
2016-10-12 05:45:21,6.461
2016-10-12 06:45:22,128.607
2016-10-12 07:45:21,352.872
2016-10-12 08:45:19,609.511
2016-10-12 09:45:19,857.074
2016-10-12 10:45:26,726.235
2016-10-12 11:45:20,830.3380000000002
2016-10-12 12:45:20,879.16
2016-10-12 13:45:25,892.2769999999998
2016-10-12 14:45:23,672.926
2016-10-12 15:45:22,380.589
2016-10-12 16:45:22,147.615
2016-10-12 17:45:23,5.4060000000000015
2016-10-12 18:45:22,1.256
2016-10-12 19:45:22,1.241
2016-10-12 20:45:19,1.243
2016-10-12 21:45:24,1.241
2016-10-12 22:45:19,1.246
2016-10-12 23:45:25,1.246
2016-10-13 01:05:23,1.232
2016-10-13 02:05:20,1.232
2016-10-13 03:05:21,1.228
2016-10-13 04:05:20,1.222
2016-10-13 05:05:27,1.252
2016-10-13 06:05:20,12.114
2016-10-13 07:05:21,239.554
2016-10-13 08:05:23,551.048
2016-10-13 09:05:21,758.855
2016-10-13 10:05:23,908.182
2016-10-13 11:05:24,993.432
2016-10-13 12:05:20,1001.832
2016-10-13 13:05:22,932.219
2016-10-13 14:05:22,792.795
2016-10-13 15:05:19,593.018
2016-10-13 16:05:21,345.832
2016-10-13 17:05:22,65.92399999999999
2016-10-13 18:10:20,1.314
2016-10-13 19:10:24,1.241
2016-10-13 20:10:19,1.241
2016-10-13 21:10:21,1.238
2016-10-13 22:10:22,1.234
2016-10-13 23:10:23,1.238
2016-10-14 00:30:20,1.237
2016-10-14 01:30:24,1.241
2016-10-14 02:30:23,1.228
2016-10-14 03:40:23,1.233
2016-10-14 04:40:18,1.225
2016-10-14 05:40:21,5.088
2016-10-14 06:40:22,87.741
2016-10-14 07:40:24,456.163
2016-10-14 08:40:25,680.836
2016-10-14 09:40:21,854.6080000000002
2016-10-14 10:40:21,964.131
2016-10-14 11:40:24,1002.425
2016-10-14 12:40:23,965.211
2016-10-14 13:40:18,852.9689999999998
2016-10-14 14:40:22,680.285
2016-10-14 15:40:25,454.216
2016-10-14 16:40:22,167.313
2016-10-14 17:40:20,7.034
2016-10-14 18:40:21,1.237
2016-10-14 19:40:22,1.233
2016-10-14 20:40:20,1.221
2016-10-14 21:40:21,1.228
2016-10-14 22:40:22,1.22
2016-10-14 23:40:24,1.232
2016-10-15 01:05:19,1.215
2016-10-15 02:05:23,1.219
2016-10-15 03:05:20,1.225
2016-10-15 04:10:20,1.214
2016-10-15 05:10:19,1.262
2016-10-15 06:10:22,13.475
2016-10-15 07:10:22,274.019
2016-10-15 08:10:19,573.091
2016-10-15 09:10:22,775.6189999999998
2016-10-15 10:10:23,916.964
2016-10-15 11:10:20,998.818
2016-10-15 12:15:22,993.076
2016-10-15 13:15:18,901.571
2016-10-15 14:20:18,744.5360000000002
2016-10-15 15:20:22,530.03
2016-10-15 16:20:22,264.334
2016-10-15 17:20:19,26.985
2016-10-15 18:20:24,1.23
2016-10-15 19:20:22,1.227
2016-10-15 20:20:24,1.227
2016-10-15 21:25:20,1.24
2016-10-15 22:25:19,1.219
2016-10-15 23:25:21,1.218
2016-10-16 00:40:22,1.22
2016-10-16 01:45:25,1.218
2016-10-16 02:45:21,1.217
2016-10-16 03:45:21,1.226
2016-10-16 04:45:24,1.214
2016-10-16 05:45:18,12.654000000000002
2016-10-16 06:45:28,124.437
2016-10-16 07:45:20,387.499
2016-10-16 08:50:19,602.3969999999998
2016-10-16 09:50:19,795.5369999999998
2016-10-16 10:50:19,632.684
2016-10-16 11:50:22,615.641
2016-10-16 12:50:23,994.141
2016-10-16 13:50:20,469.78
2016-10-16 14:50:23,351.0080000000001
2016-10-16 15:50:20,234.952
2016-10-16 16:50:21,77.32300000000002
2016-10-16 17:55:23,1.5659999999999998
2016-10-16 18:55:19,1.235
2016-10-16 19:55:19,1.223
2016-10-16 20:55:20,1.239
2016-10-16 21:55:24,1.227
2016-10-16 22:55:22,1.227
2016-10-16 23:55:23,1.215
2016-10-17 01:15:23,1.218
2016-10-17 02:15:22,1.21
2016-10-17 03:15:23,1.208
2016-10-17 04:15:29,1.188
2016-10-17 05:15:19,1.336
2016-10-17 06:15:18,14.685
2016-10-17 07:15:20,300.814
2016-10-17 08:15:20,582.609
2016-10-17 09:15:19,780.044
2016-10-17 10:15:22,915.017
2016-10-17 11:15:20,986.571
2016-10-17 12:20:17,970.025
2016-10-17 13:20:19,883.328
2016-10-17 14:20:18,722.903
2016-10-17 15:20:17,448.228
2016-10-17 16:20:18,255.966
2016-10-17 17:20:18,59.298
2016-10-17 18:20:20,1.231
2016-10-17 19:20:20,1.238
2016-10-17 20:20:17,1.24
2016-10-17 21:20:17,1.233
2016-10-17 22:20:20,1.222
2016-10-17 23:20:18,1.228
2016-10-18 00:20:17,1.227
2016-10-18 01:20:18,1.218
2016-10-18 02:20:21,1.224
2016-10-18 03:20:18,1.23
2016-10-18 04:20:17,1.237
2016-10-18 05:20:21,1.604
2016-10-18 06:20:17,29.284
2016-10-18 07:20:18,252.166
2016-10-18 08:20:17,484.675
2016-10-18 09:20:17,780.812
2016-10-18 10:20:17,810.452
2016-10-18 11:20:17,956.258
2016-10-18 12:20:17,894.58
2016-10-18 13:20:17,514.548
2016-10-18 14:20:20,370.258
2016-10-18 15:20:17,366.986
2016-10-18 16:20:18,232.343
2016-10-18 17:20:18,23.308000000000003
2016-10-18 18:20:17,1.233
2016-10-18 19:20:18,1.228
2016-10-18 20:20:18,1.229
2016-10-18 21:20:20,1.221
2016-10-18 22:20:18,1.218
2016-10-18 23:20:18,1.216
2016-10-19 00:20:20,1.225
2016-10-19 01:20:17,1.214
2016-10-19 02:20:20,1.22
2016-10-19 03:20:20,1.209
2016-10-19 04:20:20,1.214
2016-10-19 05:20:17,1.5830000000000002
2016-10-19 06:20:17,33.602
2016-10-19 07:20:17,295.747
2016-10-19 08:20:18,395.8730000000001
2016-10-19 09:20:19,718.7460000000002
2016-10-19 10:20:17,608.34
2016-10-19 11:20:19,563.5369999999998
2016-10-19 12:20:17,800.947
2016-10-19 13:20:18,506.163
2016-10-19 14:20:19,292.159
2016-10-19 15:20:21,86.06
2016-10-19 16:20:18,73.928
2016-10-19 17:20:19,8.057
2016-10-19 18:20:18,1.248
2016-10-19 19:20:21,1.258
2016-10-19 20:20:17,1.252
2016-10-19 21:20:18,1.27
2016-10-19 22:20:21,1.264
2016-10-19 23:20:18,1.264
2016-10-20 00:20:20,1.267
2016-10-20 01:20:20,1.273
2016-10-20 02:20:20,1.272
2016-10-20 03:20:18,1.256
2016-10-20 04:20:20,1.222
2016-10-20 05:20:20,1.5719999999999998
2016-10-20 06:20:18,15.187
2016-10-20 07:20:18,314.01
2016-10-20 08:20:22,580.619
2016-10-20 09:20:18,776.637
2016-10-20 10:20:20,910.343
2016-10-20 11:20:18,972.346
2016-10-20 12:20:17,954.987
2016-10-20 13:20:20,863.556
2016-10-20 14:20:19,714.922
2016-10-20 15:20:17,433.564
2016-10-20 16:20:18,252.861
2016-10-20 17:20:20,22.988000000000003
2016-10-20 18:20:20,1.204
2016-10-20 19:20:18,1.2
2016-10-20 20:20:17,1.218
2016-10-20 21:20:17,1.218
2016-10-20 22:20:20,1.21
2016-10-20 23:20:20,1.207
2016-10-21 00:20:18,1.204
2016-10-21 01:20:21,1.211
2016-10-21 02:20:19,1.22
2016-10-21 03:20:17,1.207
2016-10-21 04:20:20,1.205
2016-10-21 05:20:19,1.378
2016-10-21 06:20:17,18.838
2016-10-21 07:20:22,67.446
2016-10-21 08:20:18,205.808
2016-10-21 09:20:18,192.12
2016-10-21 10:20:18,478.187
2016-10-21 11:20:18,832.352
2016-10-21 12:20:18,932.017
2016-10-21 13:20:18,886.138
2016-10-21 14:20:17,291.945
2016-10-21 15:20:20,403.316
2016-10-21 16:20:17,250.104
2016-10-21 17:20:18,17.64
2016-10-21 18:20:18,1.213
2016-10-21 19:20:18,1.218
2016-10-21 20:20:17,1.204
2016-10-21 21:20:20,1.213
2016-10-21 22:20:18,1.209
2016-10-21 23:20:17,1.207
2016-10-22 00:25:17,1.216
2016-10-22 01:25:17,1.223
2016-10-22 02:25:17,1.219
2016-10-22 03:25:17,1.216
2016-10-22 04:25:17,1.22
2016-10-22 05:25:18,1.767
2016-10-22 06:25:17,39.028
2016-10-22 07:25:18,153.744
2016-10-22 08:25:17,363.9380000000001
2016-10-22 09:25:18,723.32
2016-10-22 10:25:20,922.119
2016-10-22 11:25:18,978.866
2016-10-22 12:25:18,959.297
2016-10-22 13:25:19,862.145
2016-10-22 14:25:20,663.67
2016-10-22 15:25:18,467.231
2016-10-22 16:25:17,227.16
2016-10-22 17:25:17,11.195
2016-10-22 18:25:18,1.213
2016-10-22 19:25:17,1.21
2016-10-22 20:25:24,1.215
2016-10-22 21:25:17,1.208
2016-10-22 22:25:17,1.208
2016-10-22 23:25:17,1.213
2016-10-23 00:30:18,1.202
2016-10-23 01:30:20,1.211
2016-10-23 02:30:17,1.223
2016-10-23 03:30:20,1.221
2016-10-23 04:30:18,1.211
2016-10-23 05:30:17,2.377
2016-10-23 06:30:19,46.94600000000001
2016-10-23 07:30:18,269.022
2016-10-23 08:30:18,609.548
2016-10-23 09:30:21,801.2360000000001
2016-10-23 10:30:17,899.809
2016-10-23 11:30:18,963.733
2016-10-23 12:30:17,940.204
2016-10-23 13:30:19,847.814
2016-10-23 14:30:18,660.4010000000002
2016-10-23 15:30:18,438.741
2016-10-23 16:30:26,115.142
2016-10-23 17:30:23,7.932
2016-10-23 18:30:17,1.202
2016-10-23 19:30:18,1.225
2016-10-23 20:30:19,1.223
2016-10-23 21:30:23,1.211
2016-10-23 22:30:18,1.198
2016-10-23 23:30:17,1.212
2016-10-24 00:35:18,1.207
2016-10-24 01:35:20,1.218
2016-10-24 02:35:21,1.217
2016-10-24 03:35:17,1.203
2016-10-24 04:35:17,1.221
2016-10-24 05:35:17,3.366
2016-10-24 06:35:18,48.014
2016-10-24 07:35:20,398.496
2016-10-24 08:35:17,608.7040000000002
2016-10-24 09:35:17,796.305
2016-10-24 10:35:20,922.853
2016-10-24 11:35:17,940.36
2016-10-24 12:40:20,935.239
2016-10-24 13:40:20,792.737
2016-10-24 14:40:18,577.119
2016-10-24 15:40:18,271.358
2016-10-24 16:40:20,72.59899999999998
2016-10-24 17:40:17,3.978
2016-10-24 18:40:18,1.218
2016-10-24 19:40:18,1.216
2016-10-24 20:40:18,1.199
2016-10-24 21:40:18,1.213
2016-10-24 22:40:20,1.203
2016-10-24 23:40:20,1.213
2016-10-25 00:45:18,1.207
2016-10-25 01:45:18,1.217
2016-10-25 02:45:17,1.209
2016-10-25 03:45:18,1.222
2016-10-25 04:45:18,1.222
2016-10-25 05:45:18,7.407
2016-10-25 06:45:17,86.86399999999998
2016-10-25 07:45:19,423.417
2016-10-25 08:45:17,656.664
2016-10-25 09:45:20,832.76
2016-10-25 10:45:17,933.618
2016-10-25 11:45:17,960.556
2016-10-25 12:45:17,922.31
2016-10-25 13:45:20,707.6410000000002
2016-10-25 14:45:18,310.551
2016-10-25 15:45:18,358.64
2016-10-25 16:45:18,82.31700000000002
2016-10-25 17:45:20,3.744
2016-10-25 18:45:17,1.228
2016-10-25 19:45:18,1.226
2016-10-25 20:45:18,1.217
2016-10-25 21:45:19,1.211
2016-10-25 22:45:19,1.223
2016-10-25 23:45:20,1.211
2016-10-26 00:50:17,1.213
2016-10-26 01:50:18,1.208
2016-10-26 02:50:19,1.205
2016-10-26 03:50:18,1.218
2016-10-26 04:50:19,1.208
2016-10-26 05:50:20,6.426
2016-10-26 06:50:17,107.705
2016-10-26 07:50:17,468.192
2016-10-26 08:50:18,683.8510000000001
2016-10-26 09:50:17,845.68
2016-10-26 10:50:18,941.622
2016-10-26 11:50:21,966.611
2016-10-26 12:50:18,911.632
2016-10-26 13:50:18,786.137
2016-10-26 14:50:20,600.722
2016-10-26 15:50:20,366.032
2016-10-26 16:50:23,84.17
2016-10-26 17:50:23,1.771
2016-10-26 18:50:20,1.226
2016-10-26 19:50:18,1.223
2016-10-26 20:50:17,1.216
2016-10-26 21:50:18,1.212
2016-10-26 22:50:18,1.211
2016-10-26 23:50:19,1.213
2016-10-27 00:55:20,1.207
2016-10-27 01:55:18,1.212
2016-10-27 02:55:23,1.199
2016-10-27 03:55:21,1.208
2016-10-27 04:55:18,1.209
2016-10-27 05:55:18,11.79
2016-10-27 06:55:18,138.33700000000002
2016-10-27 07:55:18,466.577
2016-10-27 08:55:21,679.472
2016-10-27 09:55:18,844.414
2016-10-27 10:55:21,921.608
2016-10-27 11:55:22,913.309
2016-10-27 12:55:18,839.773
2016-10-27 13:55:18,707.316
2016-10-27 14:55:18,471.914
2016-10-27 15:55:20,254.413
2016-10-27 16:55:18,71.08
2016-10-27 17:55:18,1.34
2016-10-27 18:55:18,1.213
2016-10-27 19:55:18,1.207
2016-10-27 20:55:21,1.202
2016-10-27 21:55:17,1.213
2016-10-27 22:55:18,1.212
2016-10-27 23:55:17,1.217
2016-10-28 00:55:20,1.215
2016-10-28 01:55:17,1.213
2016-10-28 02:55:21,1.215
2016-10-28 03:55:18,1.216
2016-10-28 04:55:17,1.206
2016-10-28 05:55:20,8.718
2016-10-28 06:55:18,101.041
2016-10-28 07:55:18,272.97700000000003
2016-10-28 08:55:18,398.422
2016-10-28 09:55:18,486.86300000000006
2016-10-28 10:55:18,477.445
2016-10-28 11:55:17,602.247
2016-10-28 12:55:18,753.248
2016-10-28 13:55:18,486.557
2016-10-28 14:55:17,275.098
2016-10-28 15:55:18,225.561
2016-10-28 16:55:20,48.219
2016-10-28 17:55:17,1.652
2016-10-28 18:55:17,1.205
2016-10-28 19:55:20,1.199
2016-10-28 20:55:17,1.2009999999999998
2016-10-28 21:55:18,1.2
2016-10-28 22:55:20,1.202
2016-10-28 23:55:18,1.206
2016-10-29 00:55:18,1.198
2016-10-29 01:55:17,1.204
2016-10-29 02:55:20,1.205
2016-10-29 03:55:18,1.209
2016-10-29 04:55:17,1.202
2016-10-29 05:55:23,11.853
2016-10-29 06:55:17,77.352
2016-10-29 07:55:17,185.081
2016-10-29 08:55:18,383.964
2016-10-29 09:55:17,422.917
2016-10-29 10:55:19,546.747
2016-10-29 11:55:18,374.206
2016-10-29 12:55:17,378.494
2016-10-29 13:55:19,412.104
2016-10-29 14:55:24,270.717
2016-10-29 15:55:18,122.687
2016-10-29 16:55:20,51.157
2016-10-29 17:55:18,1.279
2016-10-29 18:55:24,1.225
2016-10-29 19:55:17,1.217
2016-10-29 20:55:18,1.22
2016-10-29 21:55:18,1.219
2016-10-29 22:55:18,1.21
2016-10-29 23:55:18,1.22
2016-10-30 01:00:20,1.215
2016-10-30 02:00:18,1.223
2016-10-30 03:00:18,1.218
2016-10-30 04:00:17,1.218
2016-10-30 05:00:17,1.218
2016-10-30 06:00:18,6.4910000000000005
2016-10-30 07:00:17,69.062
2016-10-30 08:00:18,150.668
2016-10-30 09:00:18,286.188
2016-10-30 10:00:17,492.43300000000005
2016-10-30 11:00:18,689.834
2016-10-30 12:00:17,773.2810000000002
2016-10-30 13:00:20,438.254
2016-10-30 14:00:18,320.531
2016-10-30 15:00:18,231.878
2016-10-30 16:00:18,119.398
2016-10-30 17:00:23,16.18
2016-10-30 18:00:18,1.231
2016-10-30 19:00:18,1.218
2016-10-30 20:00:18,1.22
2016-10-30 21:00:17,1.21
2016-10-30 22:00:21,1.21
2016-10-30 23:00:18,1.224
2016-10-31 00:00:18,1.219
2016-10-31 01:05:17,1.225
2016-10-31 02:05:17,1.222
2016-10-31 03:05:17,1.232
2016-10-31 04:05:20,1.218
2016-10-31 05:05:18,1.218
2016-10-31 06:05:17,18.356
2016-10-31 07:05:18,111.059
2016-10-31 08:05:17,322.703
2016-10-31 09:05:18,648.303
2016-10-31 10:05:18,750.59
2016-10-31 11:05:18,708.34
2016-10-31 12:05:18,431.592
2016-10-31 13:05:18,580.249
2016-10-31 14:05:18,475.376
2016-10-31 15:05:20,438.487
2016-10-31 16:05:17,145.838
2016-10-31 17:05:17,18.026
2016-10-31 18:05:19,1.26
2016-10-31 19:05:19,1.24
2016-10-31 20:05:17,1.27
2016-10-31 21:05:18,1.27
2016-10-31 22:05:20,1.228
2016-10-31 23:05:17,1.369
2016-11-01 00:35:17,1.258
2016-11-01 01:35:17,1.256
2016-11-01 02:35:17,1.251
2016-11-01 03:35:20,1.256
2016-11-01 04:35:20,1.262
2016-11-01 05:35:21,1.815
2016-11-01 06:35:17,43.231
2016-11-01 07:35:18,192.7
2016-11-01 08:35:18,464.518
2016-11-01 09:35:33,618.1519999999998
2016-11-01 10:35:18,664.461
2016-11-01 11:35:17,686.529
2016-11-01 12:35:18,628.906
2016-11-01 13:35:18,537.948
2016-11-01 14:35:20,562.877
2016-11-01 15:35:18,321.7870000000001
2016-11-01 16:35:18,131.45600000000002
2016-11-01 17:35:18,5.306
2016-11-01 18:35:17,1.249
2016-11-01 19:35:20,1.244
2016-11-01 20:35:18,1.238
2016-11-01 21:35:17,1.244
2016-11-01 22:35:18,1.233
2016-11-01 23:35:18,1.245
2016-11-02 00:40:18,1.236
2016-11-02 01:40:17,1.225
2016-11-02 02:40:24,1.236
2016-11-02 03:40:20,1.229
2016-11-02 04:40:20,1.23
2016-11-02 05:40:17,3.48
2016-11-02 06:40:21,28.632
2016-11-02 07:40:20,414.851
2016-11-02 08:40:19,639.024
2016-11-02 09:40:19,811.503
2016-11-02 10:40:22,920.564
2016-11-02 11:40:19,957.057
2016-11-02 12:40:17,916.615
2016-11-02 13:40:23,801.5880000000002
2016-11-02 14:40:18,621.738
2016-11-02 15:40:20,392.329
2016-11-02 16:40:19,106.942
2016-11-02 17:40:18,2.857
2016-11-02 18:40:17,1.226
2016-11-02 19:40:20,1.213
2016-11-02 20:40:18,1.222
2016-11-02 21:40:20,1.209
2016-11-02 22:40:21,1.21
2016-11-02 23:40:19,1.206
2016-11-03 00:45:20,1.202
2016-11-03 01:45:20,1.193
2016-11-03 02:45:20,1.197
2016-11-03 03:45:18,1.197
2016-11-03 04:45:18,1.202
2016-11-03 05:45:17,4.471
2016-11-03 06:45:18,44.984
2016-11-03 07:45:19,424.68
2016-11-03 08:45:17,641.09
2016-11-03 09:45:18,807.687
2016-11-03 10:45:18,910.96
2016-11-03 11:45:19,940.002
2016-11-03 12:45:19,893.559
2016-11-03 13:45:18,775.6210000000002
2016-11-03 14:45:17,594.395
2016-11-03 15:45:20,364.054
2016-11-03 16:45:19,84.554
2016-11-03 17:45:18,2.154
2016-11-03 18:45:18,1.228
2016-11-03 19:45:18,1.23
2016-11-03 20:45:17,1.212
2016-11-03 21:45:17,1.22
2016-11-03 22:45:17,1.208
2016-11-03 23:45:18,1.205
2016-11-04 00:50:17,1.208
2016-11-04 01:50:17,1.208
2016-11-04 02:50:24,1.212
2016-11-04 03:50:17,1.203
2016-11-04 04:50:20,1.209
2016-11-04 05:50:18,5.478
2016-11-04 06:50:20,66.041
2016-11-04 07:50:18,442.092
2016-11-04 08:50:17,654.779
2016-11-04 09:50:20,816.3380000000002
2016-11-04 10:50:23,913.087
2016-11-04 11:50:19,937.927
2016-11-04 12:50:17,886.128
2016-11-04 13:50:18,763.307
2016-11-04 14:50:18,577.201
2016-11-04 15:50:17,341.337
2016-11-04 16:50:18,67.818
2016-11-04 17:50:21,1.654
2016-11-04 18:50:17,1.213
2016-11-04 19:50:17,1.219
2016-11-04 20:50:17,1.217
2016-11-04 21:50:20,1.221
2016-11-04 22:50:18,1.212
2016-11-04 23:50:17,1.223
2016-11-05 00:55:20,1.208
2016-11-05 01:55:17,1.212
2016-11-05 02:55:18,1.22
2016-11-05 03:55:21,1.202
2016-11-05 04:55:18,1.228
2016-11-05 05:55:18,6.604
2016-11-05 06:55:20,91.859
2016-11-05 07:55:18,460.818
2016-11-05 08:55:17,669.1260000000002
2016-11-05 09:55:02,825.515
2016-11-05 10:55:04,916.487
2016-11-05 11:55:05,936.243
2016-11-05 12:55:01,874.118
2016-11-05 13:55:01,745.779
2016-11-05 14:55:01,555.219
2016-11-05 15:55:02,315.597
2016-11-05 16:55:01,52.387
2016-11-05 17:55:02,1.388
2016-11-05 18:55:01,1.234
2016-11-05 19:55:01,1.239
2016-11-05 20:55:01,1.222
2016-11-05 21:55:03,1.218
2016-11-05 22:55:01,1.224
2016-11-05 23:55:01,1.227
2016-11-06 00:55:09,1.223
2016-11-06 01:55:02,1.211
2016-11-06 02:55:01,1.217
2016-11-06 03:55:02,1.208
2016-11-06 04:55:02,1.223
2016-11-06 05:55:06,6.367000000000001
2016-11-06 06:55:05,91.507
2016-11-06 07:55:01,463.592
2016-11-06 08:55:02,673.331
2016-11-06 09:55:02,828.1460000000002
2016-11-06 10:55:02,917.182
2016-11-06 11:55:01,934.179
2016-11-06 12:55:02,856.118
2016-11-06 13:55:01,709.595
2016-11-06 14:55:05,442.127
2016-11-06 15:55:02,77.50399999999998
2016-11-06 16:55:02,31.041
2016-11-06 17:55:02,1.578
2016-11-06 18:55:01,1.256
2016-11-06 19:55:01,1.255
2016-11-06 20:55:04,1.249
2016-11-06 21:55:05,1.241
2016-11-06 22:55:08,1.242
2016-11-06 23:55:02,1.233
2016-11-07 00:55:04,1.237
2016-11-07 01:55:01,1.233
2016-11-07 02:55:04,1.229
2016-11-07 03:55:05,1.232
2016-11-07 04:55:06,1.227
2016-11-07 05:55:05,9.241
2016-11-07 06:55:01,94.347
2016-11-07 07:55:03,452.162
2016-11-07 08:55:05,660.94
2016-11-07 09:55:01,822.107
2016-11-07 10:55:05,911.12
2016-11-07 11:55:04,919.255
2016-11-07 12:55:03,766.682
2016-11-07 13:55:08,712.0880000000002
2016-11-07 14:55:08,500.869
2016-11-07 15:55:04,272.801
2016-11-07 16:55:04,36.618
2016-11-07 17:55:03,1.265
2016-11-07 18:55:05,1.231
2016-11-07 19:55:02,1.221
2016-11-07 20:55:02,1.222
2016-11-07 21:55:01,1.214
2016-11-07 22:55:01,1.217
2016-11-07 23:55:02,1.217
2016-11-08 00:55:02,1.221
2016-11-08 01:55:02,1.218
2016-11-08 02:55:03,1.208
2016-11-08 03:55:05,1.211
2016-11-08 04:55:04,1.214
2016-11-08 05:55:03,8.062999999999999
2016-11-08 06:55:02,86.524
2016-11-08 07:55:02,430.394
2016-11-08 08:55:02,636.091
2016-11-08 09:55:02,774.423
2016-11-08 10:55:05,869.023
2016-11-08 11:55:02,643.695
2016-11-08 12:55:02,409.268
2016-11-08 13:55:04,188.902
2016-11-08 14:55:06,111.203
2016-11-08 15:55:01,35.686
2016-11-08 16:55:02,22.54
2016-11-08 17:55:07,1.244
2016-11-08 18:55:03,1.228
2016-11-08 19:55:01,1.228
2016-11-08 20:55:03,1.217
2016-11-08 21:55:01,1.222
2016-11-08 22:55:04,1.228
2016-11-08 23:55:01,1.22
2016-11-09 00:55:02,1.215
2016-11-09 01:55:05,1.226
2016-11-09 02:55:04,1.203
2016-11-09 03:55:04,1.213
2016-11-09 04:55:02,1.214
2016-11-09 05:55:04,6.223
2016-11-09 06:55:04,70.19
2016-11-09 07:55:01,417.54
2016-11-09 08:55:02,634.769
2016-11-09 09:55:01,786.122
2016-11-09 10:55:01,869.962
2016-11-09 11:55:02,882.452
2016-11-09 12:55:02,845.0930000000002
2016-11-09 13:55:04,747.454
2016-11-09 14:55:01,503.67800000000005
2016-11-09 15:55:09,280.163
2016-11-09 16:55:02,48.537
2016-11-09 17:55:04,1.366
2016-11-09 18:55:05,1.226
2016-11-09 19:55:02,1.239
2016-11-09 20:55:02,1.231
2016-11-09 21:55:03,1.224
2016-11-09 22:55:02,1.225
2016-11-09 23:55:03,1.217
2016-11-10 00:55:02,1.218
2016-11-10 01:55:03,1.228
2016-11-10 02:55:02,1.223
2016-11-10 03:55:01,1.224
2016-11-10 04:55:05,1.216
2016-11-10 05:55:01,5.8279999999999985
2016-11-10 06:55:05,65.53
2016-11-10 07:55:02,428.258
2016-11-10 08:55:04,634.648
2016-11-10 09:55:05,790.418
2016-11-10 10:55:02,881.309
2016-11-10 11:55:01,878.503
2016-11-10 12:55:02,629.812
2016-11-10 13:55:01,391.4980000000001
2016-11-10 14:55:02,141.857
2016-11-10 15:55:04,71.234
2016-11-10 16:55:01,23.495
2016-11-10 17:55:03,1.298
2016-11-10 18:55:04,1.236
2016-11-10 19:55:05,1.236
2016-11-10 20:55:02,1.227
2016-11-10 21:55:02,1.223
2016-11-10 22:55:04,1.224
2016-11-10 23:55:03,1.222
2016-11-11 00:55:04,1.223
2016-11-11 01:55:05,1.217
2016-11-11 02:55:02,1.232
2016-11-11 03:55:05,1.224
2016-11-11 04:55:05,1.213
2016-11-11 05:55:02,5.681
2016-11-11 06:55:04,64.807
2016-11-11 07:55:04,423.5630000000001
2016-11-11 08:55:02,629.3290000000002
2016-11-11 09:55:02,784.1560000000002
2016-11-11 10:55:02,873.2660000000002
2016-11-11 11:55:02,888.388
2016-11-11 12:55:04,832.96
2016-11-11 13:55:02,702.154
2016-11-11 14:55:01,516.372
2016-11-11 15:55:02,278.319
2016-11-11 16:55:03,43.187
2016-11-11 17:55:02,1.306
2016-11-11 18:55:02,1.241
2016-11-11 19:55:02,1.235
2016-11-11 20:55:02,1.222
2016-11-11 21:55:01,1.225
2016-11-11 22:55:01,1.227
2016-11-11 23:55:01,1.218
2016-11-12 00:55:02,1.227
2016-11-12 01:55:01,1.202
2016-11-12 02:55:02,1.207
2016-11-12 03:55:01,1.203
2016-11-12 04:55:02,1.197
2016-11-12 05:55:02,5.641
2016-11-12 06:55:02,64.333
2016-11-12 07:55:01,430.208
2016-11-12 08:55:02,634.6669999999998
2016-11-12 09:55:01,789.222
2016-11-12 10:55:04,879.097
2016-11-12 11:55:04,897.6519999999998
2016-11-12 12:55:07,840.127
2016-11-12 13:55:04,706.696
2016-11-12 14:55:02,376.513
2016-11-12 15:55:02,154.142
2016-11-12 16:55:02,25.917
2016-11-12 17:55:02,1.265
2016-11-12 18:55:02,1.225
2016-11-12 19:55:02,1.226
2016-11-12 20:55:01,1.211
2016-11-12 21:55:02,1.221
2016-11-12 22:55:02,1.206
2016-11-12 23:55:04,1.207
2016-11-13 00:55:02,1.206
2016-11-13 01:55:01,1.206
2016-11-13 02:55:01,1.213
2016-11-13 03:55:03,1.207
2016-11-13 04:55:01,1.1909999999999998
2016-11-13 05:55:01,5.362
2016-11-13 06:55:01,64.138
2016-11-13 07:55:01,435.704
2016-11-13 08:55:01,643.559
2016-11-13 09:55:05,798.035
2016-11-13 10:55:01,887.508
2016-11-13 11:55:01,904.565
2016-11-13 12:55:02,845.975
2016-11-13 13:55:01,719.625
2016-11-13 14:55:04,531.17
2016-11-13 15:55:03,293.57
2016-11-13 16:55:01,46.794
2016-11-13 17:55:01,1.269
2016-11-13 18:55:01,1.213
2016-11-13 19:55:04,1.208
2016-11-13 20:55:02,1.197
2016-11-13 21:55:01,1.198
2016-11-13 22:55:02,1.2009999999999998
2016-11-13 23:55:04,1.199
2016-11-14 00:55:02,1.207
2016-11-14 01:55:02,1.205
2016-11-14 02:55:02,1.19
2016-11-14 03:55:01,1.2009999999999998
2016-11-14 04:55:04,1.206
2016-11-14 05:55:06,5.207999999999998
2016-11-14 06:55:02,59.42
2016-11-14 07:55:01,309.673
2016-11-14 08:55:02,327.13
2016-11-14 09:55:02,548.503
2016-11-14 10:55:05,601.538
2016-11-14 11:55:03,766.2
2016-11-14 12:55:01,638.062
2016-11-14 13:55:02,516.4490000000002
2016-11-14 14:55:02,298.813
2016-11-14 15:55:02,133.906
2016-11-14 16:55:02,89.79299999999998
2016-11-14 17:55:16,1.234
2016-11-14 18:55:01,1.218
2016-11-14 19:55:01,1.215
2016-11-14 20:55:04,1.23
2016-11-14 21:55:02,1.221
2016-11-14 22:55:02,1.205
2016-11-14 23:55:07,1.202
2016-11-15 00:55:01,1.209
2016-11-15 01:55:02,1.205
2016-11-15 02:55:03,1.208
2016-11-15 03:55:02,1.216
2016-11-15 04:55:01,1.202
2016-11-15 05:55:01,5.129
2016-11-15 06:55:02,63.278
2016-11-15 07:55:01,428.30800000000005
2016-11-15 08:55:02,467.244
2016-11-15 09:55:01,492.30800000000005
2016-11-15 10:55:01,577.6080000000002
2016-11-15 11:55:04,680.238
2016-11-15 12:55:02,856.949
2016-11-15 13:55:02,752.885
2016-11-15 14:55:03,465.929
2016-11-15 15:55:02,324.966
2016-11-15 16:55:02,39.118
2016-11-15 17:55:02,1.27
2016-11-15 18:55:02,1.216
2016-11-15 19:55:02,1.218
2016-11-15 20:55:02,1.213
2016-11-15 21:55:01,1.211
2016-11-15 22:55:02,1.219
2016-11-15 23:55:04,1.222
2016-11-16 01:00:01,1.221
2016-11-16 02:00:04,1.218
2016-11-16 03:00:01,1.213
2016-11-16 04:00:04,1.218
2016-11-16 05:00:01,1.23
2016-11-16 06:00:01,6.212999999999999
2016-11-16 07:00:05,88.376
2016-11-16 08:00:02,451.318
2016-11-16 09:00:04,654.712
2016-11-16 10:00:01,808.1160000000001
2016-11-16 11:00:06,889.725
2016-11-16 12:00:02,905.466
2016-11-16 13:00:02,847.2280000000002
2016-11-16 14:00:02,716.345
2016-11-16 15:00:05,524.419
2016-11-16 16:00:05,275.326
2016-11-16 17:00:04,33.238
2016-11-16 18:00:07,1.239
2016-11-16 19:00:05,1.212
2016-11-16 20:00:01,1.208
2016-11-16 21:00:04,1.205
2016-11-16 22:00:02,1.208
2016-11-16 23:00:02,1.223
2016-11-17 00:00:03,1.232
2016-11-17 01:00:02,1.22
2016-11-17 02:00:02,1.238
2016-11-17 03:00:05,1.229
2016-11-17 04:00:02,1.224
2016-11-17 05:00:02,1.225
2016-11-17 06:00:01,6.977
2016-11-17 07:00:04,88.155
2016-11-17 08:00:01,447.901
2016-11-17 09:00:04,594.214
2016-11-17 10:00:33,759.9169999999998
2016-11-17 11:00:17,814.058
2016-11-17 12:00:20,902.648
2016-11-17 13:00:18,841.065
2016-11-17 14:00:18,670.702
2016-11-17 15:00:18,365.358
2016-11-17 16:00:18,269.908
2016-11-17 17:00:17,34.839
2016-11-17 18:00:18,1.233
2016-11-17 19:00:18,1.224
2016-11-17 20:00:19,1.225
2016-11-17 21:00:18,1.22
2016-11-17 22:00:17,1.217
2016-11-17 23:00:21,1.206
2016-11-18 00:00:17,1.211
2016-11-18 01:00:21,1.215
2016-11-18 02:00:20,1.217
2016-11-18 03:00:20,1.217
2016-11-18 04:00:17,1.203
2016-11-18 05:00:21,1.207
2016-11-18 06:00:17,5.987
2016-11-18 07:00:17,71.512
2016-11-18 08:00:18,256.404
2016-11-18 09:00:18,407.427
2016-11-18 10:00:18,560.03
2016-11-18 11:00:19,731.926
2016-11-18 12:00:20,894.972
2016-11-18 13:00:17,820.9069999999998
2016-11-18 14:00:18,704.752
2016-11-18 15:00:17,460.491
2016-11-18 16:00:17,234.683
2016-11-18 17:00:19,25.909
2016-11-18 18:00:17,1.209
2016-11-18 19:00:20,1.214
2016-11-18 20:00:18,1.226
2016-11-18 21:00:18,1.214
2016-11-18 22:00:18,1.221
2016-11-18 23:00:20,1.213
2016-11-19 00:00:18,1.21
2016-11-19 01:00:17,1.205
2016-11-19 02:00:17,1.2
2016-11-19 03:00:18,1.203
2016-11-19 04:00:21,1.206
2016-11-19 05:00:18,1.2009999999999998
2016-11-19 06:00:17,7.082999999999998
2016-11-19 07:00:18,109.333
2016-11-19 08:00:18,421.469
2016-11-19 09:00:18,546.4580000000002
2016-11-19 10:00:18,747.502
2016-11-19 11:00:20,875.697
2016-11-19 12:00:18,780.576
2016-11-19 13:00:18,771.2739999999999
2016-11-19 14:00:17,698.8380000000002
2016-11-19 15:00:17,319.781
2016-11-19 16:00:20,186.71400000000003
2016-11-19 17:00:21,24.104
2016-11-19 18:00:17,1.225
2016-11-19 19:00:20,1.219
2016-11-19 20:00:18,1.219
2016-11-19 21:00:19,1.22
2016-11-19 22:00:17,1.22
2016-11-19 23:00:20,1.221
2016-11-20 00:00:18,1.219
2016-11-20 01:05:18,1.215
2016-11-20 02:05:18,1.213
2016-11-20 03:05:21,1.214
2016-11-20 04:05:17,1.216
2016-11-20 05:05:22,1.212
2016-11-20 06:05:17,8.382
2016-11-20 07:05:20,114.842
2016-11-20 08:05:19,464.395
2016-11-20 09:05:20,558.54
2016-11-20 10:05:19,715.627
2016-11-20 11:05:18,710.033
2016-11-20 12:05:03,567.93
2016-11-20 13:05:01,489.648
2016-11-20 14:05:01,371.056
2016-11-20 15:05:05,239.529
2016-11-20 16:05:01,148.032
2016-11-20 17:05:02,19.911
2016-11-20 18:05:02,1.217
2016-11-20 19:05:03,1.213
2016-11-20 20:05:01,1.224
2016-11-20 21:05:04,1.213
2016-11-20 22:05:05,1.196
2016-11-20 23:05:01,1.199
2016-11-21 00:05:02,1.203
2016-11-21 01:05:02,1.195
2016-11-21 02:05:01,1.202
2016-11-21 03:05:01,1.2
2016-11-21 04:05:03,1.1909999999999998
2016-11-21 05:05:04,1.198
2016-11-21 06:05:01,10.467
2016-11-21 07:05:02,99.471
2016-11-21 08:05:01,313.827
2016-11-21 09:05:02,565.113
2016-11-21 10:05:02,786.471
2016-11-21 11:05:07,733.813
2016-11-21 12:05:07,744.2639999999999
2016-11-21 13:05:05,680.5060000000002
2016-11-21 14:05:01,428.356
2016-11-21 15:05:03,237.47
2016-11-21 16:05:05,108.855
2016-11-21 17:05:01,15.887
2016-11-21 18:05:07,1.221
2016-11-21 19:05:02,1.229
2016-11-21 20:05:02,1.22
2016-11-21 21:05:01,1.219
2016-11-21 22:05:02,1.204
2016-11-21 23:05:01,1.208
2016-11-22 00:05:02,1.214
2016-11-22 01:05:04,1.211
2016-11-22 02:05:02,1.212
2016-11-22 03:05:02,1.206
2016-11-22 04:05:04,1.209
2016-11-22 05:05:04,1.202
2016-11-22 06:05:03,7.2570000000000014
2016-11-22 07:05:05,72.48100000000002
2016-11-22 08:05:01,200.922
2016-11-22 09:05:02,365.13
2016-11-22 10:05:02,423.936
2016-11-22 11:05:02,342.396
2016-11-22 12:05:01,516.742
2016-11-22 13:05:02,518.634
2016-11-22 14:05:04,475.778
2016-11-22 15:05:02,407.33
2016-11-22 16:05:02,138.096
2016-11-22 17:05:02,8.701
2016-11-22 18:05:05,1.203
2016-11-22 19:05:04,1.195
2016-11-22 20:05:03,1.198
2016-11-22 21:05:02,1.1909999999999998
2016-11-22 22:05:01,1.197
2016-11-22 23:05:02,1.183
2016-11-23 00:05:01,1.181
2016-11-23 01:05:02,1.192
2016-11-23 02:05:02,1.188
2016-11-23 03:05:05,1.187
2016-11-23 04:05:02,1.185
2016-11-23 05:05:02,1.1909999999999998
2016-11-23 06:05:02,7.771
2016-11-23 07:05:01,99.137
2016-11-23 08:05:06,418.11
2016-11-23 09:05:02,628.641
2016-11-23 10:05:01,766.842
2016-11-23 11:05:02,823.482
2016-11-23 12:05:05,820.52
2016-11-23 13:05:02,776.1469999999998
2016-11-23 14:05:02,531.274
2016-11-23 15:05:02,270.197
2016-11-23 16:10:03,143.591
2016-11-23 17:10:02,15.823
2016-11-23 18:10:02,1.203
2016-11-23 19:10:06,1.207
2016-11-23 20:10:03,1.208
2016-11-23 21:10:02,1.204
2016-11-23 22:10:03,1.202
2016-11-23 23:10:04,1.202
2016-11-24 00:10:01,1.199
2016-11-24 01:10:03,1.212
2016-11-24 02:10:04,1.195
2016-11-24 03:10:02,1.192
2016-11-24 04:10:04,1.19
2016-11-24 05:10:01,1.192
2016-11-24 06:10:01,11.166
2016-11-24 07:10:03,135.037
2016-11-24 08:10:03,409.245
2016-11-24 09:10:02,610.538
2016-11-24 10:10:17,664.3969999999998
2016-11-24 11:10:02,649.59
2016-11-24 12:10:03,536.381
2016-11-24 13:10:01,570.238
2016-11-24 14:10:05,432.36
2016-11-24 15:10:02,179.491
2016-11-24 16:10:05,119.546
2016-11-24 17:10:01,21.981
2016-11-24 18:10:03,1.208
2016-11-24 19:10:03,1.223
2016-11-24 20:10:02,1.202
2016-11-24 21:10:02,1.226
2016-11-24 22:10:05,1.214
2016-11-24 23:10:03,1.218
2016-11-25 00:10:04,1.214
2016-11-25 01:10:02,1.214
2016-11-25 02:10:01,1.207
2016-11-25 03:10:04,1.211
2016-11-25 04:10:03,1.215
2016-11-25 05:15:07,1.211
2016-11-25 06:15:05,10.065
2016-11-25 07:15:02,93.566
2016-11-25 08:20:04,213.038
2016-11-25 09:20:07,265.483
2016-11-25 10:20:04,389.833
2016-11-25 11:20:05,684.93
2016-11-25 12:20:02,835.1460000000002
2016-11-25 13:20:01,791.41
2016-11-25 14:20:02,637.9259999999998
2016-11-25 15:20:02,399.749
2016-11-25 16:20:02,124.737
2016-11-25 17:20:04,10.495
2016-11-25 18:20:02,1.208
2016-11-25 19:20:02,1.204
2016-11-25 20:20:05,1.217
2016-11-25 21:20:06,1.207
2016-11-25 22:20:01,1.213
2016-11-25 23:20:02,1.216
2016-11-26 00:20:01,1.214
2016-11-26 01:20:02,1.194
2016-11-26 02:20:02,1.1909999999999998
2016-11-26 03:20:02,1.197
2016-11-26 04:20:04,1.198
2016-11-26 05:20:02,1.187
2016-11-26 06:20:02,23.782
2016-11-26 07:20:01,192.381
2016-11-26 08:20:18,402.872
2016-11-26 09:20:17,604.7080000000002
2016-11-26 10:20:17,758.023
2016-11-26 11:20:17,758.722
2016-11-26 12:20:19,823.426
2016-11-26 13:20:20,733.293
2016-11-26 14:20:21,628.447
2016-11-26 15:20:18,415.255
2016-11-26 16:20:18,184.771
2016-11-26 17:20:18,13.882
2016-11-26 18:20:18,1.221
2016-11-26 19:20:18,1.203
2016-11-26 20:20:19,1.203
2016-11-26 21:20:17,1.217
2016-11-26 22:20:21,1.199
2016-11-26 23:20:18,1.218
2016-11-27 00:20:18,1.202
2016-11-27 01:20:18,1.207
2016-11-27 02:20:17,1.205
2016-11-27 03:20:18,1.202
2016-11-27 04:20:19,1.198
2016-11-27 05:20:18,1.206
2016-11-27 06:20:17,10.765999999999998
2016-11-27 07:20:17,177.21900000000005
2016-11-27 08:20:18,485.478
2016-11-27 09:20:18,673.819
2016-11-27 10:20:17,805.6239999999998
2016-11-27 11:20:18,867.0939999999998
2016-11-27 12:20:18,830.025
2016-11-27 13:20:18,755.943
2016-11-27 14:20:20,612.1569999999998
2016-11-27 15:20:18,356.355
2016-11-27 16:20:18,153.79
2016-11-27 17:20:18,8.799
2016-11-27 18:20:24,1.226
2016-11-27 19:20:18,1.198
2016-11-27 20:20:18,1.203
2016-11-27 21:20:17,1.217
2016-11-27 22:20:21,1.217
2016-11-27 23:20:20,1.208
2016-11-28 00:20:21,1.209
2016-11-28 01:20:21,1.226
2016-11-28 02:20:18,1.202
2016-11-28 03:20:17,1.202
2016-11-28 04:20:18,1.207
2016-11-28 05:20:18,1.219
2016-11-28 06:20:18,16.031
2016-11-28 07:20:18,174.49900000000005
2016-11-28 08:20:23,485.957
2016-11-28 09:20:20,674.1569999999998
2016-11-28 10:20:17,810.672
2016-11-28 11:20:18,880.47
2016-11-28 12:20:18,873.8580000000002
2016-11-28 13:20:21,788.191
2016-11-28 14:20:17,643.067
2016-11-28 15:20:17,442.547
2016-11-28 16:20:19,169.07
2016-11-28 17:20:02,8.297
2016-11-28 18:20:02,1.194
2016-11-28 19:20:02,1.21
2016-11-28 20:20:01,1.2009999999999998
2016-11-28 21:20:02,1.182
2016-11-28 22:20:01,1.192
2016-11-28 23:20:02,1.1909999999999998
2016-11-29 00:20:03,1.192
2016-11-29 01:20:02,1.196
2016-11-29 02:20:02,1.198
2016-11-29 03:20:06,1.202
2016-11-29 04:20:01,1.198
2016-11-29 05:20:02,1.195
2016-11-29 06:20:03,13.130999999999998
2016-11-29 07:20:02,142.828
2016-11-29 08:20:02,281.715
2016-11-29 09:20:02,477.485
2016-11-29 10:20:02,572.294
2016-11-29 11:20:01,553.42
2016-11-29 12:20:01,572.2719999999998
2016-11-29 13:20:03,505.179
2016-11-29 14:20:06,283.6620000000001
2016-11-29 15:20:05,245.228
2016-11-29 16:20:04,44.161
2016-11-29 17:20:01,4.772
2016-11-29 18:20:01,1.22
2016-12-01 00:00:02,1.199
2016-12-01 00:50:06,1.206
2016-12-01 01:50:03,1.193
2016-12-01 02:50:04,1.206
2016-12-01 03:50:03,1.195
2016-12-01 04:50:02,1.204
2016-12-01 05:50:02,1.197
2016-12-01 06:50:03,2.0
2016-12-01 07:50:03,73.685
2016-12-01 08:50:05,32.534
2016-12-01 09:50:08,429.727
2016-12-01 10:50:05,21.125
2016-12-01 11:50:02,91.211
2016-12-01 12:50:02,216.322
2016-12-01 13:50:01,138.306
2016-12-01 14:50:04,121.958
2016-12-01 15:50:02,78.058
2016-12-01 16:50:01,23.815
2016-12-01 17:50:08,1.288
2016-12-01 18:50:04,1.218
2016-12-01 19:50:01,1.208
2016-12-01 20:50:03,1.214
2016-12-01 21:50:02,1.209
2016-12-01 22:50:01,1.208
2016-12-01 23:50:03,1.198
2016-12-02 00:50:02,1.196
2016-12-02 01:50:04,1.198
2016-12-02 02:50:01,1.207
2016-12-02 03:50:04,1.203
2016-12-02 04:50:04,1.205
2016-12-02 05:50:03,1.206
2016-12-02 06:50:04,4.505
2016-12-02 07:50:02,8.105
2016-12-02 08:50:04,10.893
2016-12-02 09:50:03,12.28
2016-12-02 10:50:07,52.078
2016-12-02 11:50:18,132.264
2016-12-02 12:50:10,117.306
2016-12-02 13:50:08,169.49200000000005
2016-12-02 14:50:20,124.899
2016-12-02 15:50:20,67.093
2016-12-02 16:50:23,17.342
2016-12-02 17:50:17,1.267
2016-12-02 18:50:17,1.218
2016-12-02 19:50:13,1.227
2016-12-02 20:50:38,1.222
2016-12-02 21:50:34,1.221
2016-12-02 22:50:34,1.214
2016-12-02 23:50:36,1.216
2016-12-03 00:50:34,1.213
2016-12-03 01:50:34,1.229
2016-12-03 02:50:34,1.207
2016-12-03 03:50:24,1.217
2016-12-03 04:50:33,1.221
2016-12-03 05:50:37,2.04
2016-12-03 06:50:34,44.636
2016-12-03 07:50:34,293.41
2016-12-03 08:50:24,195.626
2016-12-03 09:50:33,109.058
2016-12-03 10:50:34,155.046
2016-12-03 11:50:33,261.088
2016-12-03 12:50:33,98.713
2016-12-03 13:50:34,68.27
2016-12-03 14:50:35,107.6
2016-12-03 15:50:37,55.03
2016-12-03 16:50:33,22.299
2016-12-03 17:50:37,1.3119999999999998
2016-12-03 18:50:34,1.21
2016-12-03 19:50:36,1.206
2016-12-03 20:50:47,1.202
2016-12-03 21:50:23,1.197
2016-12-03 22:50:35,1.199
2016-12-03 23:50:35,1.208
2016-12-04 00:50:36,1.208
2016-12-04 01:50:34,1.204
2016-12-04 02:50:24,1.218
2016-12-04 03:50:34,1.224
2016-12-04 04:50:33,1.227
2016-12-04 05:50:34,1.865
2016-12-04 06:50:35,26.529
2016-12-04 07:50:34,80.055
2016-12-04 08:50:40,89.28399999999998
2016-12-04 09:50:34,76.817
2016-12-04 10:50:33,107.261
2016-12-04 11:50:37,188.853
2016-12-04 12:50:34,219.775
2016-12-04 13:50:33,111.678
2016-12-04 14:50:33,89.78399999999998
2016-12-04 15:50:34,51.08600000000001
2016-12-04 16:50:33,21.437
2016-12-04 17:50:34,1.232
2016-12-04 18:50:33,1.215
2016-12-04 19:50:36,1.226
2016-12-04 20:50:36,1.218
2016-12-04 21:50:33,1.223
2016-12-04 22:50:35,1.224
2016-12-04 23:50:37,1.228
2016-12-05 00:55:33,1.227
2016-12-05 01:55:34,1.234
2016-12-05 02:55:37,1.238
2016-12-05 03:55:33,1.231
2016-12-05 04:55:33,1.232
2016-12-05 05:55:34,1.556
2016-12-05 06:55:34,26.955
2016-12-05 07:55:33,76.86
2016-12-05 08:55:26,253.253
2016-12-05 09:55:34,140.64700000000002
2016-12-05 10:55:33,93.382
2016-12-05 11:55:40,78.533
2016-12-05 12:55:49,42.271
2016-12-05 13:55:49,75.366
2016-12-05 14:55:49,25.759
2016-12-05 15:55:49,17.498
2016-12-05 16:55:50,5.153
2016-12-05 17:55:50,1.24
2016-12-05 18:55:42,1.241
2016-12-05 19:55:51,24.934
2016-12-08 11:15:40,393.253
2016-12-08 12:15:49,413.42800000000005
2016-12-08 13:15:50,351.369
2016-12-08 14:15:49,217.098
2016-12-08 15:15:40,153.957
2016-12-08 16:15:50,67.35
2016-12-08 17:16:10,4.851
2016-12-08 18:15:50,1.228
2016-12-08 19:15:50,1.244
2016-12-08 20:15:40,1.253
2016-12-08 21:15:52,1.251
2016-12-08 22:15:49,1.233
2016-12-08 23:15:43,1.233
2016-12-09 00:15:40,1.23
2016-12-09 01:15:51,1.234
2016-12-09 02:15:40,1.233
2016-12-09 03:15:51,1.233
2016-12-09 04:15:52,1.24
2016-12-09 05:15:49,1.273
2016-12-09 06:15:49,3.588
2016-12-09 07:15:39,52.982
2016-12-09 08:15:50,118.593
2016-12-09 09:15:49,147.428
2016-12-09 10:15:39,171.94799999999995
2016-12-09 11:15:39,205.717
2016-12-09 12:15:40,226.754
2016-12-09 13:16:22,163.895
2016-12-09 14:15:55,84.59299999999998
2016-12-09 15:15:39,88.796
2016-12-09 16:16:35,18.458
2016-12-09 17:15:50,2.71
2016-12-09 18:15:49,1.246
2016-12-09 19:15:40,1.235
2016-12-09 20:15:40,1.233
2016-12-09 21:15:49,1.232
2016-12-09 22:15:39,1.234
2016-12-09 23:16:02,1.228
2016-12-10 00:20:50,1.235
2016-12-10 01:20:49,1.236
2016-12-10 02:20:42,1.245
2016-12-10 03:20:40,1.242
2016-12-10 04:20:55,1.248
2016-12-10 05:20:49,1.279
2016-12-10 06:20:39,4.072
2016-12-10 07:20:49,34.626999999999995
2016-12-10 08:20:40,71.992
2016-12-10 09:20:49,168.88
2016-12-10 10:20:39,294.282
2016-12-10 11:20:39,235.429
2016-12-10 12:20:50,173.921
2016-12-10 13:20:49,106.668
2016-12-10 14:20:39,34.221
2016-12-10 15:20:49,39.252
2016-12-10 16:20:40,15.28
2016-12-10 17:20:50,1.938
2016-12-10 18:20:52,1.2919999999999998
2016-12-10 19:20:40,1.283
2016-12-10 20:20:39,1.289
2016-12-10 21:20:49,1.289
2016-12-10 22:20:40,1.293
2016-12-10 23:20:49,1.288
2016-12-11 00:20:50,1.279
2016-12-11 01:20:52,1.285
2016-12-11 02:20:56,1.2919999999999998
2016-12-11 03:21:06,1.279
2016-12-11 04:21:08,1.274
2016-12-11 05:21:05,1.276
2016-12-11 06:21:05,7.867000000000001
2016-12-11 07:21:05,102.272
2016-12-11 08:21:05,404.80300000000005
2016-12-11 09:21:06,495.889
2016-12-11 10:21:06,497.05300000000005
2016-12-11 11:21:07,311.953
2016-12-11 12:21:05,179.951
2016-12-11 13:21:23,270.865
2016-12-11 14:20:37,211.74400000000003
2016-12-11 15:20:33,128.81
2016-12-11 16:20:33,50.284
2016-12-11 17:20:24,5.345
2016-12-11 18:20:34,1.298
2016-12-11 19:20:24,1.283
2016-12-11 20:20:33,1.294
2016-12-11 21:20:34,1.278
2016-12-11 22:20:33,1.3019999999999998
2016-12-11 23:20:34,1.283
2016-12-12 00:20:34,1.291
2016-12-12 01:20:36,1.301
2016-12-12 02:20:23,1.29
2016-12-12 03:20:42,1.2919999999999998
2016-12-12 04:20:33,1.3130000000000002
2016-12-12 05:20:23,1.298
2016-12-12 06:20:34,7.289
2016-12-12 07:20:23,58.958
2016-12-12 08:20:02,108.437
2016-12-12 09:20:02,344.342
2016-12-12 10:20:02,431.009
2016-12-12 11:20:02,158.494
2016-12-12 12:20:07,191.293
2016-12-12 13:20:05,151.533
2016-12-12 14:20:20,62.67100000000001
2016-12-12 15:20:01,138.692
2016-12-12 16:20:01,91.313
2016-12-12 17:20:04,8.272
2016-12-12 18:20:05,1.321
2016-12-12 19:20:02,1.319
2016-12-12 20:20:04,1.318
2016-12-12 21:20:01,1.301
2016-12-12 22:20:01,1.3019999999999998
2016-12-12 23:20:02,1.31
2016-12-13 00:20:05,1.3030000000000002
2016-12-13 01:20:04,1.3119999999999998
2016-12-13 02:20:02,1.315
2016-12-13 03:20:01,1.306
2016-12-13 04:20:03,1.3030000000000002
2016-12-13 05:20:02,1.3030000000000002
2016-12-13 06:20:02,7.086
2016-12-13 07:20:02,106.592
2016-12-13 08:20:01,442.991
2016-12-13 09:20:03,635.879
2016-12-13 10:20:02,773.6110000000001
2016-12-13 11:20:03,841.054
2016-12-13 12:20:04,843.687
2016-12-13 13:20:02,702.447
2016-12-13 14:20:01,323.488
2016-12-13 15:20:02,289.901
2016-12-13 16:20:01,176.77200000000005
2016-12-13 17:20:02,9.708
2016-12-13 18:20:02,1.31
2016-12-13 19:20:04,1.256
2016-12-13 20:20:02,1.219
2016-12-13 21:20:05,1.231
2016-12-13 22:20:01,1.241
2016-12-13 23:20:02,1.236
2016-12-14 00:20:02,1.242
2016-12-14 01:20:08,1.256
2016-12-14 02:20:02,1.244
2016-12-14 03:20:04,1.26
2016-12-14 04:25:02,1.252
2016-12-14 05:25:04,1.254
2016-12-14 06:25:01,8.392000000000001
2016-12-14 07:25:05,134.99200000000002
2016-12-14 08:25:01,464.858
2016-12-14 09:25:01,654.663
2016-12-14 10:25:01,786.566
2016-12-14 11:25:02,850.347
2016-12-14 12:25:01,844.382
2016-12-14 13:25:16,765.763
2016-12-14 14:25:04,583.3919999999998
2016-12-14 15:30:03,377.911
2016-12-14 16:30:03,127.549
2016-12-14 17:30:03,4.5680000000000005
2016-12-14 18:30:04,1.29
2016-12-14 19:30:03,1.295
2016-12-14 20:30:02,1.289
2016-12-14 21:30:03,1.3
2016-12-14 22:30:01,1.304
2016-12-14 23:30:03,1.3130000000000002
2016-12-15 00:30:02,1.298
2016-12-15 01:30:04,1.296
2016-12-15 02:30:01,1.2919999999999998
2016-12-15 03:30:06,1.298
2016-12-15 04:30:02,1.284
2016-12-15 05:30:02,1.268
2016-12-15 06:30:02,12.789
2016-12-15 07:30:04,126.453
2016-12-15 08:30:05,473.537
2016-12-15 09:30:06,431.037
2016-12-15 10:30:04,549.719
2016-12-15 11:35:01,549.156
2016-12-15 12:40:02,445.494
2016-12-15 13:45:02,149.326
2016-12-15 14:45:01,97.929
2016-12-15 15:45:07,48.051
2016-12-15 16:45:14,8.765
2016-12-15 17:45:03,1.453
2016-12-15 18:45:01,1.261
2016-12-15 19:45:17,1.248
2016-12-15 20:45:18,1.243
2016-12-15 21:45:19,1.246
2016-12-15 22:45:20,1.24
2016-12-15 23:45:21,1.226
2016-12-16 00:45:20,1.225
2016-12-16 01:45:17,1.238
2016-12-16 02:45:21,1.227
2016-12-16 03:45:17,1.226
2016-12-16 04:45:25,1.239
2016-12-16 05:45:17,1.274
2016-12-16 06:45:19,12.991
2016-12-16 07:45:34,256.223
2016-12-16 08:45:18,525.005
2016-12-16 09:45:17,698.954
2016-12-16 10:45:17,811.584
2016-12-16 11:45:21,858.85
2016-12-16 12:45:18,836.8660000000001
2016-12-16 13:45:18,733.289
2016-12-16 14:45:17,572.044
2016-12-16 15:45:18,351.737
2016-12-16 16:45:30,80.521
2016-12-16 17:45:35,2.249
2016-12-16 18:45:18,1.227
2016-12-16 19:45:17,1.221
2016-12-16 20:45:24,1.218
2016-12-16 21:45:19,1.223
2016-12-16 22:45:20,1.228
2016-12-16 23:45:34,1.207
2016-12-17 00:50:17,1.203
2016-12-17 01:50:17,1.2
2016-12-17 02:50:18,1.202
2016-12-17 03:50:36,1.195
2016-12-17 04:50:17,1.205
2016-12-17 05:50:24,1.344
2016-12-17 06:50:17,18.307
2016-12-17 07:50:44,96.229
2016-12-17 08:50:18,458.816
2016-12-17 09:50:20,192.33
2016-12-17 10:50:23,195.604
2016-12-17 11:50:17,216.142
2016-12-17 12:50:19,542.979
2016-12-17 13:50:17,835.0310000000002
2016-12-17 14:50:21,114.702
2016-12-17 15:50:18,106.91
2016-12-17 16:50:20,17.566
2016-12-17 17:50:17,1.227
2016-12-17 18:50:19,1.219
2016-12-17 19:50:17,1.254
2016-12-17 20:50:18,1.262
2016-12-17 21:50:20,1.261
2016-12-17 22:50:19,1.259
2016-12-17 23:50:18,1.253
2016-12-18 00:55:19,1.266
2016-12-18 01:55:17,1.248
2016-12-18 02:55:18,1.257
2016-12-18 03:55:18,1.26
2016-12-18 04:55:23,1.251
2016-12-18 05:55:17,1.28
2016-12-18 06:55:18,2.372
2016-12-18 07:55:17,5.684
2016-12-18 08:55:17,13.421
2016-12-18 09:55:33,25.698
2016-12-18 10:55:18,199.383
2016-12-18 11:55:18,247.404
2016-12-18 12:55:17,77.918
2016-12-18 13:55:18,20.573
2016-12-18 14:55:18,13.889
2016-12-18 15:55:17,21.081
2016-12-18 16:55:18,5.822
2016-12-18 17:55:17,1.254
2016-12-18 18:55:17,1.258
2016-12-18 19:55:18,1.222
2016-12-18 20:55:18,1.229
2016-12-18 21:55:19,1.232
2016-12-18 22:55:17,1.238
2016-12-18 23:55:18,1.242
2016-12-19 01:00:17,1.239
2016-12-19 02:00:18,1.234
2016-12-19 03:00:18,1.228
2016-12-19 04:00:18,1.227
2016-12-19 05:00:18,1.228
2016-12-19 06:00:20,1.356
2016-12-19 07:00:17,24.635
2016-12-19 08:00:20,78.271
2016-12-19 09:00:17,202.57
2016-12-19 10:00:17,317.126
2016-12-19 11:00:18,387.285
2016-12-19 12:00:18,739.145
2016-12-19 13:00:24,367.957
2016-12-19 14:00:40,148.279
2016-12-19 15:00:18,427.906
2016-12-19 16:05:17,187.245
2016-12-19 17:05:18,13.878
2016-12-19 18:05:17,1.236
2016-12-19 19:05:21,1.24
2016-12-19 20:05:17,1.248
2016-12-19 21:05:33,1.246
2016-12-19 22:05:40,1.24
2016-12-19 23:05:22,1.221
2016-12-20 00:05:20,1.235
2016-12-20 01:05:17,1.226
2016-12-20 02:05:25,1.242
2016-12-20 03:05:37,1.231
2016-12-20 04:05:18,1.229
2016-12-20 05:05:18,1.238
2016-12-20 06:05:17,6.8020000000000005
2016-12-20 07:05:20,63.305
2016-12-20 08:05:18,387.073
2016-12-20 09:05:18,533.2959999999998
2016-12-20 10:05:33,724.222
2016-12-20 11:05:21,777.2919999999998
2016-12-20 12:05:18,791.572
2016-12-20 13:05:18,656.8480000000002
2016-12-20 14:05:22,653.873
2016-12-20 15:05:18,449.824
2016-12-20 16:05:18,243.468
2016-12-20 17:05:17,30.886
2016-12-20 18:05:19,1.224
2016-12-20 19:05:21,1.223
2016-12-20 20:05:18,1.239
2016-12-20 21:05:18,1.222
2016-12-20 22:05:21,1.225
2016-12-20 23:05:17,1.225
2016-12-21 00:05:17,1.228
2016-12-21 01:05:17,1.227
2016-12-21 02:05:17,1.227
2016-12-21 03:05:41,1.216
2016-12-21 04:05:34,1.228
2016-12-21 05:05:34,1.221
2016-12-21 06:05:50,3.0980000000000003
2016-12-21 07:05:34,24.538
2016-12-21 08:05:33,362.239
2016-12-21 09:05:34,569.908
2016-12-21 10:05:34,727.752
2016-12-21 11:06:10,819.8960000000002
2016-12-21 12:05:49,842.202
2016-12-21 13:05:50,790.597
2016-12-21 14:05:49,669.831
2016-12-21 15:05:50,493.481
2016-12-21 16:05:51,255.815
2016-12-21 17:05:40,30.423
2016-12-21 18:05:42,1.236
2016-12-21 19:05:49,1.229
2016-12-21 20:05:49,1.223
2016-12-21 21:05:49,1.232
2016-12-21 22:05:50,1.226
2016-12-21 23:05:39,1.218
2016-12-22 00:05:56,1.226
2016-12-22 01:05:49,1.223
2016-12-22 02:05:50,1.217
2016-12-22 03:05:50,1.227
2016-12-22 04:06:19,1.217
2016-12-22 05:05:56,1.223
2016-12-22 06:05:50,3.013
2016-12-22 07:05:51,25.332
2016-12-22 08:05:49,371.25
2016-12-22 09:05:49,594.962
2016-12-22 10:10:50,749.0110000000002
2016-12-22 11:10:51,832.1410000000002
2016-12-22 12:10:49,852.579
2016-12-22 13:10:53,799.5060000000002
2016-12-22 14:10:50,674.868
2016-12-22 15:10:50,490.654
2016-12-22 16:10:53,244.122
2016-12-22 17:10:41,24.183000000000003
2016-12-22 18:10:40,1.238
2016-12-22 19:10:39,1.253
2016-12-22 20:10:49,1.241
2016-12-22 21:10:39,1.241
2016-12-22 22:10:40,1.235
2016-12-22 23:10:50,1.236
2016-12-23 00:11:19,1.226
2016-12-23 01:10:39,1.233
2016-12-23 02:10:50,1.218
2016-12-23 03:10:47,1.221
2016-12-23 04:10:39,1.214
2016-12-23 05:10:49,1.213
2016-12-23 06:10:54,3.821
2016-12-23 07:10:49,38.105
2016-12-23 08:10:56,390.627
2016-12-23 09:10:50,595.075
2016-12-23 10:10:49,746.043
2016-12-23 11:10:50,835.2919999999998
2016-12-23 12:11:23,851.049
2016-12-23 13:10:49,795.0419999999998
2016-12-23 14:10:39,671.548
2016-12-23 15:10:49,489.832
2016-12-23 16:10:49,243.789
2016-12-23 17:10:49,24.63
2016-12-23 18:10:39,1.227
2016-12-23 19:10:40,1.227
2016-12-23 20:10:49,1.232
2016-12-23 21:10:49,1.228
2016-12-23 22:10:41,1.232
2016-12-23 23:10:41,1.224
2016-12-24 00:10:49,1.222
2016-12-24 01:10:43,1.224
2016-12-24 02:10:49,1.221
2016-12-24 03:10:50,1.222
2016-12-24 04:10:39,1.222
2016-12-24 05:10:40,1.213
2016-12-24 06:10:52,3.712
2016-12-24 07:10:39,38.307
2016-12-24 08:10:42,387.3130000000001
2016-12-24 09:10:52,598.783
2016-12-24 10:10:50,750.5989999999998
2016-12-24 11:10:52,838.84
2016-12-24 12:10:39,863.195
2016-12-24 13:10:43,807.8
2016-12-24 14:10:49,680.668
2016-12-24 15:10:49,496.783
2016-12-24 16:10:42,249.178
2016-12-24 17:10:50,26.369
2016-12-24 18:10:51,1.231
2016-12-24 19:10:39,1.218
2016-12-24 20:10:50,1.231
2016-12-24 21:11:35,1.212
2016-12-24 22:11:26,1.216
2016-12-24 23:11:35,1.215
2016-12-25 00:11:36,1.213
2016-12-25 01:11:38,1.217
2016-12-25 02:11:35,1.216
2016-12-25 03:11:35,1.219
2016-12-25 04:11:25,1.218
2016-12-25 05:11:36,1.219
2016-12-25 06:11:35,3.5210000000000004
2016-12-25 07:11:35,60.271
2016-12-25 08:11:25,229.038
2016-12-25 09:11:26,484.097
2016-12-25 10:11:36,619.9159999999998
2016-12-25 11:11:36,744.08
2016-12-25 12:11:25,881.4780000000002
2016-12-25 13:11:36,802.919
2016-12-25 14:11:42,693.6080000000002
2016-12-25 15:10:50,405.655
2016-12-25 16:10:50,154.704
2016-12-25 17:10:50,44.488
2016-12-25 18:10:49,1.222
2016-12-25 19:10:50,1.212
2016-12-25 20:10:42,1.227
2016-12-25 21:10:50,1.223
2016-12-25 22:10:49,1.228
2016-12-25 23:10:40,1.223
2016-12-26 00:10:49,1.202
2016-12-26 01:10:39,1.203
2016-12-26 02:10:49,1.187
2016-12-26 03:10:39,1.206
2016-12-26 04:10:40,1.211
2016-12-26 05:10:40,1.213
2016-12-26 06:10:50,2.584
2016-12-26 07:10:50,52.933
2016-12-26 08:10:49,288.231
2016-12-26 09:10:39,506.264
2016-12-26 10:10:50,611.852
2016-12-26 11:10:39,698.1039999999998
2016-12-26 12:10:49,713.1080000000002
2016-12-26 13:10:40,631.9680000000002
2016-12-26 14:10:51,523.067
2016-12-26 15:10:40,396.449
2016-12-26 16:10:40,213.455
2016-12-26 17:11:06,21.185
2016-12-26 18:10:49,1.231
2016-12-26 19:10:49,1.232
2016-12-26 20:10:50,1.218
2016-12-26 21:10:45,1.216
2016-12-26 22:10:57,1.206
2016-12-26 23:10:44,1.202
2016-12-27 00:10:52,1.213
2016-12-27 01:10:50,1.205
2016-12-27 02:10:49,1.218
2016-12-27 03:10:54,1.218
2016-12-27 04:10:49,1.212
2016-12-27 05:10:49,1.22
2016-12-27 06:10:49,3.908
2016-12-27 07:10:39,67.154
2016-12-27 08:10:53,380.701
2016-12-27 09:10:50,596.258
2016-12-27 10:10:50,753.258
2016-12-27 11:10:40,844.262
2016-12-27 12:10:50,865.049
2016-12-27 13:10:50,811.618
2016-12-27 14:10:51,632.139
2016-12-27 15:10:39,462.278
2016-12-27 16:10:53,294.176
2016-12-27 17:10:50,32.503
2016-12-27 18:10:49,1.218
2016-12-27 19:10:53,1.217
2016-12-27 20:10:49,1.2009999999999998
2016-12-27 21:10:50,1.209
2016-12-27 22:10:49,1.212
2016-12-27 23:10:49,1.202
2016-12-28 00:10:50,1.203
2016-12-28 01:10:39,1.192
2016-12-28 02:10:53,1.207
2016-12-28 03:10:49,1.207
2016-12-28 04:10:50,1.197
2016-12-28 05:10:55,1.192
2016-12-28 06:11:06,2.967
2016-12-28 07:10:39,45.205
2016-12-28 08:10:49,269.707
2016-12-28 09:10:51,410.884
2016-12-28 10:10:40,544.068
2016-12-28 11:10:39,656.8430000000002
2016-12-28 12:10:40,759.14
2016-12-28 13:10:51,546.739
2016-12-28 14:11:02,475.939
2016-12-28 15:10:39,276.71
2016-12-28 16:10:40,173.43200000000004
2016-12-28 17:11:19,21.861
2016-12-28 18:10:41,1.2
2016-12-28 19:10:39,1.192
2016-12-28 20:10:49,1.193
2016-12-28 21:10:41,1.187
2016-12-28 22:10:39,1.192
2016-12-28 23:10:40,1.187
2016-12-29 00:10:49,1.188
2016-12-29 01:10:50,1.179
2016-12-29 02:10:52,1.179
2016-12-29 03:10:39,1.185
2016-12-29 04:10:39,1.179
2016-12-29 05:10:50,1.195
2016-12-29 06:11:02,2.81
2016-12-29 07:10:39,55.38800000000001
2016-12-29 08:10:49,227.484
2016-12-29 09:15:02,405.25
2016-12-29 10:15:03,407.996
2016-12-29 11:15:05,466.983
2016-12-29 12:15:03,479.027
2016-12-29 13:15:03,333.726
2016-12-29 14:15:03,294.1670000000001
2016-12-29 15:15:04,209.702
2016-12-29 16:15:02,82.037
2016-12-29 17:15:03,11.187
2016-12-29 18:15:02,1.214
2016-12-29 19:15:04,1.215
2016-12-29 20:15:02,1.206
2016-12-29 21:15:03,1.207
2016-12-29 22:15:02,1.207
2016-12-29 23:15:02,1.213
2016-12-30 00:15:03,1.21
2016-12-30 01:15:03,1.208
2016-12-30 02:15:04,1.214
2016-12-30 03:15:02,1.21
2016-12-30 04:15:05,1.198
2016-12-30 05:15:05,1.2
2016-12-30 06:15:02,2.302
2016-12-30 07:15:02,42.449
2016-12-30 08:15:06,142.261
2016-12-30 09:15:04,294.865
2016-12-30 10:15:02,337.1280000000001
2016-12-30 11:15:05,337.462
2016-12-30 12:15:03,366.082
2016-12-30 13:20:01,341.38699999999994
2016-12-30 14:20:01,129.084
2016-12-30 15:30:08,56.57899999999999
2016-12-30 16:30:02,29.663
2016-12-30 17:30:04,5.257999999999999
2016-12-30 18:30:05,1.212
2016-12-30 19:30:02,1.21
2016-12-30 20:30:06,1.214
2016-12-30 21:30:02,1.211
2016-12-30 22:30:05,1.21
2016-12-30 23:30:02,1.219
2016-12-31 00:30:02,1.215
2016-12-31 01:30:02,1.213
2016-12-31 02:30:02,1.218
2016-12-31 03:30:05,1.196
2016-12-31 04:30:02,1.212
2016-12-31 05:30:04,1.2009999999999998
2016-12-31 06:30:02,8.109
2016-12-31 07:30:06,83.51899999999998
2016-12-31 08:30:01,323.15
2016-12-31 09:30:02,457.734
2016-12-31 10:30:01,460.36800000000005
2016-12-31 11:30:04,548.9019999999998
2016-12-31 12:30:02,447.383
2016-12-31 13:30:02,323.746
2016-12-31 14:30:09,419.958
2016-12-31 15:30:01,290.624
2016-12-31 16:30:08,78.21600000000002
2016-12-31 17:30:02,6.6720000000000015
2016-12-31 18:30:05,1.218
2016-12-31 19:30:02,1.217
2016-12-31 20:30:01,1.22
2016-12-31 21:30:02,1.214
2016-12-31 22:30:05,1.207
2016-12-31 23:30:02,1.248
